"*Beginning for the 2015-16 season, reports from public health and clinical laboratories are presented separately in the weekly influenza update, FluView.  This data file includes only data prior to the 2015-16 influenza season, and will be presented with the public health and clinical labs combined.",,,,,,,,,,,,
REGION TYPE,REGION,YEAR,WEEK,TOTAL SPECIMENS,PERCENT POSITIVE,A (2009 H1N1),A (H1),A (H3),A (Subtyping not Performed),A (Unable to Subtype),B,H3N2v
Census Regions,New England,2012,40,197,0.507614,0,0,1,0,0,0,0
Census Regions,Mid-Atlantic,2012,40,548,1.09489,1,0,3,0,0,2,0
Census Regions,East North Central,2012,40,203,4.92611,0,0,3,0,0,7,0
Census Regions,West North Central,2012,40,491,1.62933,0,0,4,0,0,4,0
Census Regions,South Atlantic,2012,40,1109,5.59062,6,0,11,6,0,39,0
Census Regions,East South Central,2012,40,132,2.27273,0,0,3,0,0,0,0
Census Regions,West South Central,2012,40,614,4.07166,0,0,5,2,0,18,0
Census Regions,Mountain,2012,40,517,4.44874,2,0,19,0,0,2,0
Census Regions,Pacific,2012,40,702,4.70085,0,0,24,3,0,6,0
Census Regions,New England,2012,41,204,0.490196,0,0,1,0,0,0,0
Census Regions,Mid-Atlantic,2012,41,609,2.29885,1,0,6,0,0,7,0
Census Regions,East North Central,2012,41,195,1.53846,1,0,1,0,0,1,0
Census Regions,West North Central,2012,41,606,5.61056,1,0,16,0,0,17,0
Census Regions,South Atlantic,2012,41,1205,7.21992,3,0,10,21,0,53,0
Census Regions,East South Central,2012,41,98,4.08163,0,0,3,0,0,1,0
Census Regions,West South Central,2012,41,690,2.6087,0,0,4,1,0,13,0
Census Regions,Mountain,2012,41,584,1.88356,1,0,7,0,0,3,0
Census Regions,Pacific,2012,41,723,2.90456,0,0,19,2,0,0,0
Census Regions,New England,2012,42,211,0.473934,0,0,1,0,0,0,0
Census Regions,Mid-Atlantic,2012,42,690,4.34783,0,0,15,4,0,11,0
Census Regions,East North Central,2012,42,204,1.96078,0,0,3,0,0,1,0
Census Regions,West North Central,2012,42,708,10.7345,0,0,45,4,0,27,0
Census Regions,South Atlantic,2012,42,1433,7.6762,2,0,18,33,0,57,0
Census Regions,East South Central,2012,42,150,2.66667,0,0,4,0,0,0,0
Census Regions,West South Central,2012,42,688,3.34302,2,0,2,3,0,16,0
Census Regions,Mountain,2012,42,520,2.88462,0,0,7,2,0,6,0
Census Regions,Pacific,2012,42,645,6.51163,0,0,36,2,0,4,0
Census Regions,New England,2012,43,224,1.33929,0,0,3,0,0,0,0
Census Regions,Mid-Atlantic,2012,43,639,6.57277,1,0,18,3,0,20,0
Census Regions,East North Central,2012,43,241,3.73444,0,0,6,0,0,3,0
Census Regions,West North Central,2012,43,648,9.25926,0,0,30,2,0,28,0
Census Regions,South Atlantic,2012,43,1443,8.17741,2,0,24,35,0,57,0
Census Regions,East South Central,2012,43,140,4.28571,0,0,6,0,0,0,0
Census Regions,West South Central,2012,43,620,4.19355,0,0,5,5,0,16,0
Census Regions,Mountain,2012,43,575,4.34783,0,0,10,0,0,15,0
Census Regions,Pacific,2012,43,776,7.60309,0,0,50,7,0,2,0
Census Regions,New England,2012,44,230,3.91304,0,0,8,0,0,1,0
Census Regions,Mid-Atlantic,2012,44,504,6.94444,0,0,15,3,0,17,0
Census Regions,East North Central,2012,44,222,4.5045,1,0,6,2,0,1,0
Census Regions,West North Central,2012,44,638,10.3448,2,0,33,3,0,28,0
Census Regions,South Atlantic,2012,44,1433,8.93231,0,0,25,56,0,47,0
Census Regions,East South Central,2012,44,129,9.30233,0,0,12,0,0,0,0
Census Regions,West South Central,2012,44,758,6.72823,0,0,9,10,0,32,0
Census Regions,Mountain,2012,44,614,7.98046,0,0,27,0,0,22,0
Census Regions,Pacific,2012,44,878,7.40319,1,0,53,5,0,6,0
Census Regions,New England,2012,45,216,3.7037,0,0,7,1,0,0,0
Census Regions,Mid-Atlantic,2012,45,648,5.55556,1,0,13,6,0,16,0
Census Regions,East North Central,2012,45,241,9.95851,0,0,12,1,0,11,0
Census Regions,West North Central,2012,45,751,13.5819,0,0,53,4,0,45,0
Census Regions,South Atlantic,2012,45,1674,12.3656,2,0,51,79,0,75,0
Census Regions,East South Central,2012,45,146,18.4932,1,0,23,0,0,3,0
Census Regions,West South Central,2012,45,988,8.40081,1,0,23,21,0,38,0
Census Regions,Mountain,2012,45,749,9.47931,0,0,31,1,0,39,0
Census Regions,Pacific,2012,45,1033,6.87318,0,0,64,3,0,4,0
Census Regions,New England,2012,46,189,4.2328,0,0,7,1,0,0,0
Census Regions,Mid-Atlantic,2012,46,729,7.40741,0,0,24,18,0,12,0
Census Regions,East North Central,2012,46,247,19.4332,3,0,32,3,0,10,0
Census Regions,West North Central,2012,46,758,19.3931,1,0,74,4,0,66,2
Census Regions,South Atlantic,2012,46,1874,17.5027,3,0,99,154,0,72,0
Census Regions,East South Central,2012,46,164,22.561,1,0,31,2,0,3,0
Census Regions,West South Central,2012,46,1068,9.55056,0,0,23,29,0,50,0
Census Regions,Mountain,2012,46,767,11.4733,0,0,40,2,0,46,0
Census Regions,Pacific,2012,46,925,9.2973,0,0,74,4,0,8,0
Census Regions,New England,2012,47,197,9.64467,0,0,16,2,0,1,0
Census Regions,Mid-Atlantic,2012,47,715,8.81119,3,0,36,17,0,7,0
Census Regions,East North Central,2012,47,258,39.9225,0,0,69,3,0,31,0
Census Regions,West North Central,2012,47,732,19.2623,1,0,83,1,0,56,0
Census Regions,South Atlantic,2012,47,2374,21.23,0,0,132,293,0,79,0
Census Regions,East South Central,2012,47,217,32.7189,0,0,62,3,0,6,0
Census Regions,West South Central,2012,47,1141,17.5285,1,0,33,76,0,90,0
Census Regions,Mountain,2012,47,838,19.0931,2,0,70,5,0,83,0
Census Regions,Pacific,2012,47,961,11.2383,0,0,90,7,0,11,0
Census Regions,New England,2012,48,229,14.4105,0,0,27,1,0,5,0
Census Regions,Mid-Atlantic,2012,48,977,20.9826,4,0,128,43,0,30,0
Census Regions,East North Central,2012,48,340,37.9412,2,0,97,8,0,22,0
Census Regions,West North Central,2012,48,972,24.5885,2,0,150,9,0,78,0
Census Regions,South Atlantic,2012,48,2894,25.7775,3,0,218,408,0,117,0
Census Regions,East South Central,2012,48,308,39.6104,0,0,102,11,0,9,0
Census Regions,West South Central,2012,48,1508,14.5889,1,0,70,49,0,100,0
Census Regions,Mountain,2012,48,1078,21.7069,4,0,98,12,0,120,0
Census Regions,Pacific,2012,48,1027,15.6767,3,0,132,4,0,22,0
Census Regions,New England,2012,49,379,33.7731,0,0,107,8,0,13,0
Census Regions,Mid-Atlantic,2012,49,1357,26.4554,12,0,253,67,0,27,0
Census Regions,East North Central,2012,49,609,50.5747,3,0,238,15,0,52,0
Census Regions,West North Central,2012,49,1229,32.8723,3,0,293,32,0,76,0
Census Regions,South Atlantic,2012,49,3748,33.2177,4,0,385,712,0,144,0
Census Regions,East South Central,2012,49,430,38.8372,1,0,146,9,0,11,0
Census Regions,West South Central,2012,49,1821,21.5266,0,0,103,131,0,158,0
Census Regions,Mountain,2012,49,1351,26.5729,9,0,140,23,0,187,0
Census Regions,Pacific,2012,49,1136,14.0845,7,0,122,6,0,25,0
Census Regions,New England,2012,50,515,49.1262,6,0,216,22,0,9,0
Census Regions,Mid-Atlantic,2012,50,1911,35.1648,19,0,418,195,0,40,0
Census Regions,East North Central,2012,50,811,56.8434,1,0,372,30,0,58,0
Census Regions,West North Central,2012,50,1442,39.5284,3,0,411,47,0,109,0
Census Regions,South Atlantic,2012,50,4480,31.942,10,0,607,690,0,124,0
Census Regions,East South Central,2012,50,457,43.5449,0,0,163,15,0,21,0
Census Regions,West South Central,2012,50,2181,23.4296,2,0,86,164,0,259,0
Census Regions,Mountain,2012,50,1647,30.4189,4,0,235,47,0,215,0
Census Regions,Pacific,2012,50,1267,15.7064,8,0,154,16,0,21,0
Census Regions,New England,2012,51,809,52.6576,8,0,364,30,0,24,0
Census Regions,Mid-Atlantic,2012,51,2370,42.7848,14,0,616,316,0,68,0
Census Regions,East North Central,2012,51,880,57.1591,5,0,393,34,0,71,0
Census Regions,West North Central,2012,51,1676,40.1551,2,0,485,68,0,118,0
Census Regions,South Atlantic,2012,51,4659,36.5314,14,0,911,612,0,165,0
Census Regions,East South Central,2012,51,439,35.9909,0,0,129,21,0,8,0
Census Regions,West South Central,2012,51,2698,29.6516,1,0,174,243,0,382,0
Census Regions,Mountain,2012,51,2127,39.3512,5,0,463,87,0,282,0
Census Regions,Pacific,2012,51,1246,17.496,6,0,168,8,0,36,0
Census Regions,New England,2012,52,918,53.0501,9,0,402,57,0,19,0
Census Regions,Mid-Atlantic,2012,52,2399,39.0579,24,0,551,308,0,54,0
Census Regions,East North Central,2012,52,728,53.2967,2,0,299,43,0,44,0
Census Regions,West North Central,2012,52,1935,41.0336,7,0,538,131,0,118,0
Census Regions,South Atlantic,2012,52,5062,38.4433,22,0,1033,701,0,190,0
Census Regions,East South Central,2012,52,328,34.4512,3,0,83,17,0,10,0
Census Regions,West South Central,2012,52,2812,30.6543,1,0,144,315,0,402,0
Census Regions,Mountain,2012,52,2542,39.7718,10,0,499,170,0,332,0
Census Regions,Pacific,2012,52,1415,23.4629,10,0,276,16,0,30,0
Census Regions,New England,2013,1,938,43.9232,11,0,297,91,0,13,0
Census Regions,Mid-Atlantic,2013,1,2590,36.5251,26,0,478,361,0,81,0
Census Regions,East North Central,2013,1,800,53,2,0,326,61,0,35,0
Census Regions,West North Central,2013,1,2249,40.5958,5,0,613,159,0,136,0
Census Regions,South Atlantic,2013,1,4893,35.1114,22,0,817,680,0,199,0
Census Regions,East South Central,2013,1,399,27.5689,1,0,77,23,0,9,0
Census Regions,West South Central,2013,1,3071,28.7854,7,0,237,305,0,335,0
Census Regions,Mountain,2013,1,3087,37.1882,15,0,584,244,0,305,0
Census Regions,Pacific,2013,1,1646,23.633,6,0,294,56,0,33,0
Census Regions,New England,2013,2,1088,42.4632,10,0,358,75,0,19,0
Census Regions,Mid-Atlantic,2013,2,3077,33.8642,36,0,505,394,0,107,0
Census Regions,East North Central,2013,2,1040,42.5962,6,0,349,41,0,47,0
Census Regions,West North Central,2013,2,2531,35.5986,9,0,564,199,0,129,0
Census Regions,South Atlantic,2013,2,5130,32.9435,16,0,865,605,0,204,0
Census Regions,East South Central,2013,2,484,33.2645,3,0,128,9,0,21,0
Census Regions,West South Central,2013,2,3498,31.1607,6,0,278,431,0,375,0
Census Regions,Mountain,2013,2,3310,35.8006,19,0,574,311,0,281,0
Census Regions,Pacific,2013,2,2066,30.3969,21,0,452,101,0,54,0
Census Regions,New England,2013,3,924,34.5238,6,0,239,53,0,21,0
Census Regions,Mid-Atlantic,2013,3,3359,28.0738,44,0,418,361,0,120,0
Census Regions,East North Central,2013,3,883,36.5798,4,0,232,50,0,37,0
Census Regions,West North Central,2013,3,2091,32.4725,14,0,425,120,0,120,0
Census Regions,South Atlantic,2013,3,4435,28.8613,15,0,636,435,0,194,0
Census Regions,East South Central,2013,3,360,23.8889,0,0,57,6,0,23,0
Census Regions,West South Central,2013,3,3185,30.8948,2,0,245,433,0,304,0
Census Regions,Mountain,2013,3,3385,34.1211,25,0,547,308,0,275,0
Census Regions,Pacific,2013,3,2309,27.0247,17,0,433,126,0,48,0
Census Regions,New England,2013,4,627,30.7815,6,0,117,43,0,27,0
Census Regions,Mid-Atlantic,2013,4,2622,24.714,37,0,287,210,0,114,0
Census Regions,East North Central,2013,4,690,34.6377,3,0,146,40,0,50,0
Census Regions,West North Central,2013,4,1747,28.3343,10,0,264,87,0,134,0
Census Regions,South Atlantic,2013,4,3605,27.2122,20,0,376,416,0,169,0
Census Regions,East South Central,2013,4,355,20.5634,0,0,56,3,0,14,0
Census Regions,West South Central,2013,4,3120,28.1731,8,0,156,397,0,318,0
Census Regions,Mountain,2013,4,3194,35.7232,34,0,571,261,0,275,0
Census Regions,Pacific,2013,4,2708,32.2009,27,0,554,203,0,88,0
Census Regions,New England,2013,5,509,23.3792,4,0,79,22,0,14,0
Census Regions,Mid-Atlantic,2013,5,2320,22.8448,22,0,219,166,0,123,0
Census Regions,East North Central,2013,5,603,35.4892,9,0,127,27,0,51,0
Census Regions,West North Central,2013,5,1412,27.3371,6,0,185,66,0,129,0
Census Regions,South Atlantic,2013,5,3221,22.3844,18,0,256,221,0,226,0
Census Regions,East South Central,2013,5,293,25.5973,3,0,43,3,0,26,0
Census Regions,West South Central,2013,5,2403,25.8427,5,0,142,235,0,239,0
Census Regions,Mountain,2013,5,2901,29.0245,24,0,413,170,0,235,0
Census Regions,Pacific,2013,5,2566,31.021,52,0,488,141,0,115,0
Census Regions,New England,2013,6,397,21.4106,4,0,50,17,0,14,0
Census Regions,Mid-Atlantic,2013,6,1859,20.9252,21,0,104,82,0,182,0
Census Regions,East North Central,2013,6,500,27.2,6,0,63,17,0,50,0
Census Regions,West North Central,2013,6,1396,20.8453,10,0,104,47,0,130,0
Census Regions,South Atlantic,2013,6,3033,21.9914,23,0,167,180,0,297,0
Census Regions,East South Central,2013,6,309,20.0647,2,0,28,1,0,31,0
Census Regions,West South Central,2013,6,1948,21.5606,6,0,83,171,0,160,0
Census Regions,Mountain,2013,6,2705,24.4362,32,0,269,153,0,207,0
Census Regions,Pacific,2013,6,2344,24.872,17,0,337,112,0,117,0
Census Regions,New England,2013,7,304,18.75,1,0,29,6,0,21,0
Census Regions,Mid-Atlantic,2013,7,1668,22.8417,15,0,85,70,0,211,0
Census Regions,East North Central,2013,7,432,21.2963,3,0,45,10,0,34,0
Census Regions,West North Central,2013,7,1240,19.4355,7,0,67,29,0,138,0
Census Regions,South Atlantic,2013,7,2907,22.291,9,0,126,155,0,358,0
Census Regions,East South Central,2013,7,264,18.5606,0,0,19,0,0,30,0
Census Regions,West South Central,2013,7,1576,14.5939,5,0,55,72,0,98,0
Census Regions,Mountain,2013,7,2290,23.1878,28,0,175,110,0,218,0
Census Regions,Pacific,2013,7,2010,20.9453,10,0,243,82,0,86,0
Census Regions,New England,2013,8,302,19.2053,5,0,20,2,0,31,0
Census Regions,Mid-Atlantic,2013,8,1466,21.6917,8,0,55,60,0,195,0
Census Regions,East North Central,2013,8,412,29.3689,4,0,39,6,0,72,0
Census Regions,West North Central,2013,8,1118,14.1324,6,0,37,18,0,97,0
Census Regions,South Atlantic,2013,8,2758,22.1537,14,0,81,132,0,384,0
Census Regions,East South Central,2013,8,233,17.5966,2,0,7,2,0,30,0
Census Regions,West South Central,2013,8,1461,15.7426,5,0,32,62,0,131,0
Census Regions,Mountain,2013,8,1922,19.4069,26,0,100,63,0,184,0
Census Regions,Pacific,2013,8,1682,21.7004,8,0,204,52,0,101,0
Census Regions,New England,2013,9,235,22.9787,1,0,19,6,0,28,0
Census Regions,Mid-Atlantic,2013,9,1464,19.3306,11,0,38,30,0,204,0
Census Regions,East North Central,2013,9,384,22.6563,3,0,24,5,0,55,0
Census Regions,West North Central,2013,9,1043,13.8063,6,0,39,15,0,84,0
Census Regions,South Atlantic,2013,9,2799,21.5077,11,0,59,105,0,427,0
Census Regions,East South Central,2013,9,223,17.4888,4,0,14,2,0,19,0
Census Regions,West South Central,2013,9,1276,14.7335,3,0,25,41,0,119,0
Census Regions,Mountain,2013,9,1583,17.4984,13,0,64,56,0,144,0
Census Regions,Pacific,2013,9,1497,19.5725,8,0,135,49,0,101,0
Census Regions,New England,2013,10,216,19.4444,2,0,7,7,0,26,0
Census Regions,Mid-Atlantic,2013,10,1342,19.9702,15,0,29,26,0,198,0
Census Regions,East North Central,2013,10,341,24.6334,7,0,18,2,0,57,0
Census Regions,West North Central,2013,10,979,13.7896,2,0,38,12,0,83,0
Census Regions,South Atlantic,2013,10,2781,22.2941,10,0,51,73,0,486,0
Census Regions,East South Central,2013,10,212,10.3774,2,0,7,0,0,13,0
Census Regions,West South Central,2013,10,1384,12.211,4,0,21,46,0,98,0
Census Regions,Mountain,2013,10,1417,16.1609,24,0,58,22,0,125,0
Census Regions,Pacific,2013,10,1493,16.8788,4,0,101,29,0,118,0
Census Regions,New England,2013,11,263,12.1673,0,0,3,0,0,29,0
Census Regions,Mid-Atlantic,2013,11,1376,19.4767,13,0,20,14,0,221,0
Census Regions,East North Central,2013,11,323,24.1486,4,0,6,2,0,66,0
Census Regions,West North Central,2013,11,851,12.1034,3,0,29,8,0,63,0
Census Regions,South Atlantic,2013,11,2722,21.6018,14,0,31,97,0,446,0
Census Regions,East South Central,2013,11,183,17.4863,0,0,3,1,0,28,0
Census Regions,West South Central,2013,11,1171,10.5892,0,0,11,28,0,85,0
Census Regions,Mountain,2013,11,1225,12.898,5,0,32,33,0,88,0
Census Regions,Pacific,2013,11,1445,16.1938,10,0,77,18,0,129,0
Census Regions,New England,2013,12,252,13.8889,0,0,2,2,0,31,0
Census Regions,Mid-Atlantic,2013,12,1297,18.6584,8,0,20,15,0,199,0
Census Regions,East North Central,2013,12,330,21.8182,0,0,18,3,0,51,0
Census Regions,West North Central,2013,12,782,13.1714,4,0,23,1,0,75,0
Census Regions,South Atlantic,2013,12,2315,20.6479,10,0,31,69,0,368,0
Census Regions,East South Central,2013,12,209,12.9187,2,0,3,1,0,21,0
Census Regions,West South Central,2013,12,1107,8.40108,1,0,6,23,0,63,0
Census Regions,Mountain,2013,12,1097,12.4886,9,0,19,18,0,91,0
Census Regions,Pacific,2013,12,1258,15.0238,2,0,57,12,0,118,0
Census Regions,New England,2013,13,223,14.7982,0,0,2,4,0,27,0
Census Regions,Mid-Atlantic,2013,13,1104,19.5652,14,0,19,6,0,177,0
Census Regions,East North Central,2013,13,247,20.2429,3,0,8,3,0,36,0
Census Regions,West North Central,2013,13,772,11.5285,2,0,17,7,0,63,0
Census Regions,South Atlantic,2013,13,2172,17.5875,10,0,26,44,0,302,0
Census Regions,East South Central,2013,13,163,12.2699,2,0,2,2,0,14,0
Census Regions,West South Central,2013,13,910,7.14286,1,0,3,9,0,52,0
Census Regions,Mountain,2013,13,955,8.6911,6,0,9,8,0,60,0
Census Regions,Pacific,2013,13,1176,15.1361,3,0,38,15,0,122,0
Census Regions,New England,2013,14,221,22.6244,2,0,4,6,0,38,0
Census Regions,Mid-Atlantic,2013,14,977,14.4319,9,0,12,6,0,114,0
Census Regions,East North Central,2013,14,212,24.0566,2,0,4,5,0,40,0
Census Regions,West North Central,2013,14,701,9.27247,1,0,19,3,0,42,0
Census Regions,South Atlantic,2013,14,1816,18.8326,8,0,19,43,0,272,0
Census Regions,East South Central,2013,14,124,16.9355,0,0,1,0,0,20,0
Census Regions,West South Central,2013,14,841,6.06421,0,0,4,16,0,31,0
Census Regions,Mountain,2013,14,807,8.05452,4,0,9,12,0,40,0
Census Regions,Pacific,2013,14,1083,14.6814,4,0,49,16,0,90,0
Census Regions,New England,2013,15,235,19.1489,3,0,0,3,0,39,0
Census Regions,Mid-Atlantic,2013,15,894,12.0805,11,0,8,1,0,88,0
Census Regions,East North Central,2013,15,208,9.13462,5,0,1,3,0,10,0
Census Regions,West North Central,2013,15,630,7.14286,1,0,14,4,0,26,0
Census Regions,South Atlantic,2013,15,1581,13.7887,14,0,5,30,0,169,0
Census Regions,East South Central,2013,15,147,8.84354,2,0,2,1,0,8,0
Census Regions,West South Central,2013,15,835,3.47305,4,0,1,5,0,19,0
Census Regions,Mountain,2013,15,690,5.50725,4,0,6,6,0,22,0
Census Regions,Pacific,2013,15,978,15.9509,4,0,32,12,0,108,0
Census Regions,New England,2013,16,246,12.1951,4,0,1,1,0,24,0
Census Regions,Mid-Atlantic,2013,16,745,8.85906,6,0,2,1,0,57,0
Census Regions,East North Central,2013,16,219,19.1781,2,0,8,3,0,29,0
Census Regions,West North Central,2013,16,533,5.81614,2,0,8,0,0,21,0
Census Regions,South Atlantic,2013,16,1321,8.32702,3,0,8,26,0,73,0
Census Regions,East South Central,2013,16,150,4,1,0,0,0,0,5,0
Census Regions,West South Central,2013,16,770,2.5974,3,0,0,7,0,10,0
Census Regions,Mountain,2013,16,606,4.29043,3,0,7,2,0,14,0
Census Regions,Pacific,2013,16,985,15.9391,6,0,45,7,0,99,0
Census Regions,New England,2013,17,160,12.5,0,0,0,0,0,20,0
Census Regions,Mid-Atlantic,2013,17,713,5.75035,6,0,4,1,0,30,0
Census Regions,East North Central,2013,17,172,19.7674,17,0,4,3,0,10,0
Census Regions,West North Central,2013,17,513,3.50877,5,0,3,2,0,8,0
Census Regions,South Atlantic,2013,17,1164,6.87285,2,0,2,26,0,50,0
Census Regions,East South Central,2013,17,114,1.75439,0,0,0,0,0,2,0
Census Regions,West South Central,2013,17,710,2.25352,2,0,1,3,0,10,0
Census Regions,Mountain,2013,17,606,1.9802,0,0,3,1,0,8,0
Census Regions,Pacific,2013,17,943,17.8155,2,0,43,12,0,111,0
Census Regions,New England,2013,18,183,9.28962,0,0,1,1,0,15,0
Census Regions,Mid-Atlantic,2013,18,723,4.426,5,0,5,0,0,22,0
Census Regions,East North Central,2013,18,142,5.6338,3,0,1,0,0,4,0
Census Regions,West North Central,2013,18,586,4.26621,2,0,7,1,0,15,0
Census Regions,South Atlantic,2013,18,1080,5.74074,4,0,3,13,0,42,0
Census Regions,East South Central,2013,18,125,1.6,0,0,1,0,0,1,0
Census Regions,West South Central,2013,18,666,1.65165,1,0,1,2,0,7,0
Census Regions,Mountain,2013,18,552,2.35507,1,0,1,1,0,10,0
Census Regions,Pacific,2013,18,862,17.8654,2,0,35,11,0,106,0
Census Regions,New England,2013,19,167,5.98802,1,0,0,0,0,9,0
Census Regions,Mid-Atlantic,2013,19,719,3.05981,7,0,4,0,0,11,0
Census Regions,East North Central,2013,19,138,2.17391,0,0,0,0,0,3,0
Census Regions,West North Central,2013,19,534,1.87266,1,0,2,1,0,6,0
Census Regions,South Atlantic,2013,19,950,6.31579,1,0,0,21,0,38,0
Census Regions,East South Central,2013,19,48,2.08333,0,0,0,0,0,1,0
Census Regions,West South Central,2013,19,586,1.70648,0,0,0,1,0,9,0
Census Regions,Mountain,2013,19,540,2.77778,0,0,3,1,0,11,0
Census Regions,Pacific,2013,19,791,14.0329,3,0,27,3,0,78,0
Census Regions,New England,2013,20,176,2.27273,1,0,0,0,0,3,0
Census Regions,Mid-Atlantic,2013,20,553,3.25497,5,0,3,2,0,8,0
Census Regions,East North Central,2013,20,153,1.30719,0,0,1,0,0,1,0
Census Regions,West North Central,2013,20,429,2.0979,0,0,1,0,0,8,0
Census Regions,South Atlantic,2013,20,902,3.7694,2,0,0,11,0,21,0
Census Regions,East South Central,2013,20,40,2.5,1,0,0,0,0,0,0
Census Regions,West South Central,2013,20,516,0.193798,0,0,0,1,0,0,0
Census Regions,Mountain,2013,20,475,1.89474,2,0,2,1,0,4,0
Census Regions,Pacific,2013,20,858,12.2378,0,0,17,7,0,81,0
Census Regions,New England,2013,21,153,0,0,0,0,0,0,0,0
Census Regions,Mid-Atlantic,2013,21,587,2.55537,6,0,6,1,0,2,0
Census Regions,East North Central,2013,21,149,4.69799,3,0,0,0,0,4,0
Census Regions,West North Central,2013,21,407,0,0,0,0,0,0,0,0
Census Regions,South Atlantic,2013,21,887,5.74972,2,0,0,17,0,32,0
Census Regions,East South Central,2013,21,219,2.73973,2,0,2,0,0,2,0
Census Regions,West South Central,2013,21,439,0.455581,1,0,0,0,0,1,0
Census Regions,Mountain,2013,21,480,1.45833,0,0,0,0,0,7,0
Census Regions,Pacific,2013,21,776,11.7268,1,0,13,2,0,75,0
Census Regions,New England,2013,22,151,0,0,0,0,0,0,0,0
Census Regions,Mid-Atlantic,2013,22,509,2.35756,5,0,3,0,0,4,0
Census Regions,East North Central,2013,22,127,0.787402,0,0,0,0,0,1,0
Census Regions,West North Central,2013,22,362,0.276243,0,0,1,0,0,0,0
Census Regions,South Atlantic,2013,22,775,6.45161,2,0,0,21,0,27,0
Census Regions,East South Central,2013,22,95,7.36842,4,0,1,0,0,2,0
Census Regions,West South Central,2013,22,431,1.16009,1,0,0,2,0,2,0
Census Regions,Mountain,2013,22,424,0.707547,1,0,0,0,0,2,0
Census Regions,Pacific,2013,22,713,10.0982,1,0,9,5,0,57,0
Census Regions,New England,2013,23,158,0.632911,0,0,0,0,0,1,0
Census Regions,Mid-Atlantic,2013,23,516,3.10078,11,0,2,0,0,3,0
Census Regions,East North Central,2013,23,105,1.90476,0,0,0,0,0,2,0
Census Regions,West North Central,2013,23,387,0,0,0,0,0,0,0,0
Census Regions,South Atlantic,2013,23,746,5.49598,0,0,1,22,0,18,0
Census Regions,East South Central,2013,23,36,2.77778,1,0,0,0,0,0,0
Census Regions,West South Central,2013,23,416,1.20192,1,0,0,1,0,3,0
Census Regions,Mountain,2013,23,432,0.231481,1,0,0,0,0,0,0
Census Regions,Pacific,2013,23,780,9.10256,0,0,10,6,0,55,0
Census Regions,New England,2013,24,135,0.740741,0,0,1,0,0,0,0
Census Regions,Mid-Atlantic,2013,24,443,3.61174,14,0,2,0,0,0,0
Census Regions,East North Central,2013,24,139,0.719424,0,0,0,1,0,0,0
Census Regions,West North Central,2013,24,343,0.291545,1,0,0,0,0,0,0
Census Regions,South Atlantic,2013,24,707,5.79915,3,0,1,26,0,11,0
Census Regions,East South Central,2013,24,80,3.75,1,0,2,0,0,0,0
Census Regions,West South Central,2013,24,343,0.874636,1,0,0,1,0,1,0
Census Regions,Mountain,2013,24,377,0.265252,0,0,0,1,0,0,0
Census Regions,Pacific,2013,24,687,8.87918,1,0,6,3,0,51,0
Census Regions,New England,2013,25,107,0,0,0,0,0,0,0,0
Census Regions,Mid-Atlantic,2013,25,458,5.45852,23,0,0,0,0,2,0
Census Regions,East North Central,2013,25,102,1.96078,0,0,0,0,0,0,2
Census Regions,West North Central,2013,25,350,0.285714,0,0,1,0,0,0,0
Census Regions,South Atlantic,2013,25,662,6.0423,3,0,1,29,0,7,0
Census Regions,East South Central,2013,25,72,0,0,0,0,0,0,0,0
Census Regions,West South Central,2013,25,449,0.445434,1,0,0,1,0,0,0
Census Regions,Mountain,2013,25,377,0.265252,0,0,1,0,0,0,0
Census Regions,Pacific,2013,25,650,8.92308,2,0,9,1,0,46,0
Census Regions,New England,2013,26,116,0.862069,0,0,0,1,0,0,0
Census Regions,Mid-Atlantic,2013,26,414,6.76329,28,0,0,0,0,0,0
Census Regions,East North Central,2013,26,136,7.35294,1,0,0,2,0,1,6
Census Regions,West North Central,2013,26,298,0.671141,0,0,1,0,0,1,0
Census Regions,South Atlantic,2013,26,589,4.0747,0,0,1,19,0,4,0
Census Regions,East South Central,2013,26,84,2.38095,1,0,1,0,0,0,0
Census Regions,West South Central,2013,26,459,0.217865,0,0,0,1,0,0,0
Census Regions,Mountain,2013,26,383,0.522193,2,0,0,0,0,0,0
Census Regions,Pacific,2013,26,520,5.19231,2,0,2,1,0,22,0
Census Regions,New England,2013,27,80,2.5,1,0,1,0,0,0,0
Census Regions,Mid-Atlantic,2013,27,394,2.53807,8,0,0,0,0,2,0
Census Regions,East North Central,2013,27,115,6.08696,2,0,0,1,0,0,4
Census Regions,West North Central,2013,27,273,0,0,0,0,0,0,0,0
Census Regions,South Atlantic,2013,27,591,4.73773,3,0,0,21,0,4,0
Census Regions,East South Central,2013,27,62,0,0,0,0,0,0,0,0
Census Regions,West South Central,2013,27,256,1.17188,0,0,2,1,0,0,0
Census Regions,Mountain,2013,27,309,1.2945,0,0,4,0,0,0,0
Census Regions,Pacific,2013,27,499,6.01202,3,0,7,1,0,19,0
Census Regions,New England,2013,28,102,1.96078,0,0,1,1,0,0,0
Census Regions,Mid-Atlantic,2013,28,395,3.03797,11,0,1,0,0,0,0
Census Regions,East North Central,2013,28,104,0,0,0,0,0,0,0,0
Census Regions,West North Central,2013,28,271,0.738007,1,0,1,0,0,0,0
Census Regions,South Atlantic,2013,28,598,5.51839,1,0,2,28,0,2,0
Census Regions,East South Central,2013,28,81,0,0,0,0,0,0,0,0
Census Regions,West South Central,2013,28,271,0.738007,0,0,1,0,0,1,0
Census Regions,Mountain,2013,28,306,0.980392,2,0,1,0,0,0,0
Census Regions,Pacific,2013,28,525,8.7619,8,0,23,4,0,11,0
Census Regions,New England,2013,29,94,0,0,0,0,0,0,0,0
Census Regions,Mid-Atlantic,2013,29,348,3.44828,12,0,0,0,0,0,0
Census Regions,East North Central,2013,29,96,3.125,1,0,0,0,0,1,1
Census Regions,West North Central,2013,29,257,0,0,0,0,0,0,0,0
Census Regions,South Atlantic,2013,29,631,6.33914,1,0,9,24,0,6,0
Census Regions,East South Central,2013,29,65,0,0,0,0,0,0,0,0
Census Regions,West South Central,2013,29,221,0.904977,0,0,0,0,0,2,0
Census Regions,Mountain,2013,29,327,0.917431,1,0,2,0,0,0,0
Census Regions,Pacific,2013,29,465,3.01075,6,0,2,1,0,5,0
Census Regions,New England,2013,30,85,1.17647,0,0,1,0,0,0,0
Census Regions,Mid-Atlantic,2013,30,390,1.53846,4,0,0,1,0,1,0
Census Regions,East North Central,2013,30,98,1.02041,0,0,0,0,0,0,1
Census Regions,West North Central,2013,30,251,0.796813,0,0,1,1,0,0,0
Census Regions,South Atlantic,2013,30,524,7.25191,6,0,7,23,0,2,0
Census Regions,East South Central,2013,30,62,0,0,0,0,0,0,0,0
Census Regions,West South Central,2013,30,193,1.5544,2,0,0,1,0,0,0
Census Regions,Mountain,2013,30,287,0.696864,2,0,0,0,0,0,0
Census Regions,Pacific,2013,30,426,3.52113,6,0,2,0,0,7,0
Census Regions,New England,2013,31,72,0,0,0,0,0,0,0,0
Census Regions,Mid-Atlantic,2013,31,391,3.06905,12,0,0,0,0,0,0
Census Regions,East North Central,2013,31,84,3.57143,0,0,1,0,0,0,2
Census Regions,West North Central,2013,31,310,0,0,0,0,0,0,0,0
Census Regions,South Atlantic,2013,31,586,6.14334,3,0,2,26,0,5,0
Census Regions,East South Central,2013,31,51,0,0,0,0,0,0,0,0
Census Regions,West South Central,2013,31,279,5.37634,2,0,8,3,0,2,0
Census Regions,Mountain,2013,31,280,0,0,0,0,0,0,0,0
Census Regions,Pacific,2013,31,496,4.6371,6,0,3,1,0,13,0
Census Regions,New England,2013,32,94,5.31915,0,0,5,0,0,0,0
Census Regions,Mid-Atlantic,2013,32,399,2.75689,11,0,0,0,0,0,0
Census Regions,East North Central,2013,32,94,2.12766,2,0,0,0,0,0,0
Census Regions,West North Central,2013,32,270,0,0,0,0,0,0,0,0
Census Regions,South Atlantic,2013,32,532,5.45113,7,0,0,20,0,2,0
Census Regions,East South Central,2013,32,73,1.36986,1,0,0,0,0,0,0
Census Regions,West South Central,2013,32,284,2.46479,0,0,4,3,0,0,0
Census Regions,Mountain,2013,32,306,1.96078,3,0,1,1,0,1,0
Census Regions,Pacific,2013,32,442,3.84615,4,0,1,3,0,9,0
Census Regions,New England,2013,33,84,0,0,0,0,0,0,0,0
Census Regions,Mid-Atlantic,2013,33,345,0.869565,3,0,0,0,0,0,0
Census Regions,East North Central,2013,33,96,2.08333,2,0,0,0,0,0,0
Census Regions,West North Central,2013,33,278,0.719424,1,0,1,0,0,0,0
Census Regions,South Atlantic,2013,33,492,8.13008,5,0,0,30,0,5,0
Census Regions,East South Central,2013,33,61,0,0,0,0,0,0,0,0
Census Regions,West South Central,2013,33,280,2.14286,2,0,0,3,0,1,0
Census Regions,Mountain,2013,33,295,0.338983,1,0,0,0,0,0,0
Census Regions,Pacific,2013,33,373,2.68097,2,0,2,0,0,6,0
Census Regions,New England,2013,34,73,1.36986,0,0,1,0,0,0,0
Census Regions,Mid-Atlantic,2013,34,382,0.78534,3,0,0,0,0,0,0
Census Regions,East North Central,2013,34,97,3.09278,2,0,0,0,0,0,1
Census Regions,West North Central,2013,34,289,0.346021,0,0,1,0,0,0,0
Census Regions,South Atlantic,2013,34,666,6.75676,6,0,0,38,0,1,0
Census Regions,East South Central,2013,34,68,0,0,0,0,0,0,0,0
Census Regions,West South Central,2013,34,269,0.743494,0,0,0,2,0,0,0
Census Regions,Mountain,2013,34,329,0.303951,0,0,1,0,0,0,0
Census Regions,Pacific,2013,34,387,1.03359,1,0,1,0,0,2,0
Census Regions,New England,2013,35,71,0,0,0,0,0,0,0,0
Census Regions,Mid-Atlantic,2013,35,394,3.29949,12,0,1,0,0,0,0
Census Regions,East North Central,2013,35,88,2.27273,0,0,1,0,0,0,1
Census Regions,West North Central,2013,35,347,0.864553,0,0,1,0,0,2,0
Census Regions,South Atlantic,2013,35,838,9.7852,15,0,0,63,0,4,0
Census Regions,East South Central,2013,35,69,0,0,0,0,0,0,0,0
Census Regions,West South Central,2013,35,366,5.19126,14,0,0,3,0,2,0
Census Regions,Mountain,2013,35,382,0,0,0,0,0,0,0,0
Census Regions,Pacific,2013,35,451,0.886918,1,0,1,0,0,2,0
Census Regions,New England,2013,36,62,0,0,0,0,0,0,0,0
Census Regions,Mid-Atlantic,2013,36,350,3.14286,8,0,2,0,0,1,0
Census Regions,East North Central,2013,36,91,5.49451,3,0,0,2,0,0,0
Census Regions,West North Central,2013,36,321,0,0,0,0,0,0,0,0
Census Regions,South Atlantic,2013,36,996,8.13253,5,0,0,66,0,10,0
Census Regions,East South Central,2013,36,92,0,0,0,0,0,0,0,0
Census Regions,West South Central,2013,36,458,1.52838,6,0,1,0,0,0,0
Census Regions,Mountain,2013,36,352,0.852273,1,0,1,1,0,0,0
Census Regions,Pacific,2013,36,426,1.87793,2,0,2,2,0,2,0
Census Regions,New England,2013,37,92,0,0,0,0,0,0,0,0
Census Regions,Mid-Atlantic,2013,37,424,6.36792,27,0,0,0,0,0,0
Census Regions,East North Central,2013,37,104,0.961538,1,0,0,0,0,0,0
Census Regions,West North Central,2013,37,406,0.246305,1,0,0,0,0,0,0
Census Regions,South Atlantic,2013,37,1022,6.75147,9,0,1,56,0,3,0
Census Regions,East South Central,2013,37,86,3.48837,2,0,0,0,0,1,0
Census Regions,West South Central,2013,37,487,1.64271,5,0,0,1,0,2,0
Census Regions,Mountain,2013,37,468,0.854701,3,0,0,1,0,0,0
Census Regions,Pacific,2013,37,513,1.75439,1,0,6,1,0,1,0
Census Regions,New England,2013,38,100,3,1,0,1,1,0,0,0
Census Regions,Mid-Atlantic,2013,38,473,4.22833,17,0,3,0,0,0,0
Census Regions,East North Central,2013,38,163,0.613497,0,0,1,0,0,0,0
Census Regions,West North Central,2013,38,414,0.483092,1,0,0,0,0,1,0
Census Regions,South Atlantic,2013,38,1072,7.08955,10,0,0,52,0,14,0
Census Regions,East South Central,2013,38,90,4.44444,4,0,0,0,0,0,0
Census Regions,West South Central,2013,38,562,0.711744,1,0,0,0,0,3,0
Census Regions,Mountain,2013,38,503,0.994036,2,0,1,1,0,1,0
Census Regions,Pacific,2013,38,511,1.76125,2,0,2,2,0,3,0
Census Regions,New England,2013,39,141,0,0,0,0,0,0,0,0
Census Regions,Mid-Atlantic,2013,39,674,4.74777,26,0,3,2,0,1,0
Census Regions,East North Central,2013,39,168,0.595238,1,0,0,0,0,0,0
Census Regions,West North Central,2013,39,478,0.627615,1,0,1,0,0,1,0
Census Regions,South Atlantic,2013,39,1298,9.70724,17,0,1,95,0,13,0
Census Regions,East South Central,2013,39,104,4.80769,4,0,0,0,0,1,0
Census Regions,West South Central,2013,39,596,0.671141,1,0,0,0,0,3,0
Census Regions,Mountain,2013,39,513,1.75439,5,0,1,2,0,1,0
Census Regions,Pacific,2013,39,624,1.28205,0,0,5,3,0,0,0
Census Regions,New England,2013,40,151,0,0,0,0,0,0,0,0
Census Regions,Mid-Atlantic,2013,40,634,2.36593,10,0,2,0,0,3,0
Census Regions,East North Central,2013,40,248,1.6129,2,0,1,0,0,1,0
Census Regions,West North Central,2013,40,544,2.20588,5,0,1,2,0,3,1
Census Regions,South Atlantic,2013,40,1397,9.23407,35,0,1,77,0,16,0
Census Regions,East South Central,2013,40,158,7.59494,11,0,0,0,0,1,0
Census Regions,West South Central,2013,40,526,1.3308,3,0,2,2,0,0,0
Census Regions,Mountain,2013,40,609,0.656814,1,0,0,1,0,2,0
Census Regions,Pacific,2013,40,644,1.70807,2,0,6,1,0,2,0
Census Regions,New England,2013,41,194,0.515464,0,0,1,0,0,0,0
Census Regions,Mid-Atlantic,2013,41,635,1.10236,5,0,2,0,0,0,0
Census Regions,East North Central,2013,41,276,1.81159,1,0,4,0,0,0,0
Census Regions,West North Central,2013,41,653,0.153139,0,0,0,0,0,1,0
Census Regions,South Atlantic,2013,41,1610,10,27,0,1,108,0,25,0
Census Regions,East South Central,2013,41,153,6.53595,9,0,0,0,0,1,0
Census Regions,West South Central,2013,41,747,1.74029,4,0,4,3,0,2,0
Census Regions,Mountain,2013,41,698,1.00287,5,0,1,0,0,1,0
Census Regions,Pacific,2013,41,842,2.85036,6,0,11,5,0,2,0
Census Regions,New England,2013,42,201,0,0,0,0,0,0,0,0
Census Regions,Mid-Atlantic,2013,42,676,1.18343,6,0,0,1,0,1,0
Census Regions,East North Central,2013,42,302,2.64901,5,0,2,1,0,0,0
Census Regions,West North Central,2013,42,671,1.04322,2,0,0,1,0,4,0
Census Regions,South Atlantic,2013,42,1607,6.78283,11,0,1,83,0,14,0
Census Regions,East South Central,2013,42,143,3.4965,5,0,0,0,0,0,0
Census Regions,West South Central,2013,42,688,1.59884,3,0,3,2,0,3,0
Census Regions,Mountain,2013,42,684,1.60819,3,0,2,2,0,4,0
Census Regions,Pacific,2013,42,829,3.13631,14,0,8,4,0,0,0
Census Regions,New England,2013,43,175,1.71429,2,0,0,1,0,0,0
Census Regions,Mid-Atlantic,2013,43,698,0.859599,6,0,0,0,0,0,0
Census Regions,East North Central,2013,43,299,2.34114,4,0,2,1,0,0,0
Census Regions,West North Central,2013,43,672,0.446429,3,0,0,0,0,0,0
Census Regions,South Atlantic,2013,43,1702,7.81434,29,0,6,87,0,11,0
Census Regions,East South Central,2013,43,210,4.7619,10,0,0,0,0,0,0
Census Regions,West South Central,2013,43,750,3.06667,9,0,4,7,0,3,0
Census Regions,Mountain,2013,43,656,1.37195,4,0,3,2,0,0,0
Census Regions,Pacific,2013,43,724,1.9337,6,0,6,2,0,0,0
Census Regions,New England,2013,44,210,1.90476,2,0,2,0,0,0,0
Census Regions,Mid-Atlantic,2013,44,722,0.969529,1,0,3,2,0,1,0
Census Regions,East North Central,2013,44,307,4.23453,8,0,2,0,0,3,0
Census Regions,West North Central,2013,44,779,1.66881,2,0,1,4,0,6,0
Census Regions,South Atlantic,2013,44,1761,8.91539,21,0,1,112,0,23,0
Census Regions,East South Central,2013,44,203,7.38916,12,0,0,3,0,0,0
Census Regions,West South Central,2013,44,787,2.5413,11,0,3,3,0,3,0
Census Regions,Mountain,2013,44,705,5.39007,20,0,7,10,0,1,0
Census Regions,Pacific,2013,44,842,3.08789,11,0,7,2,0,6,0
Census Regions,New England,2013,45,218,1.37615,1,0,2,0,0,0,0
Census Regions,Mid-Atlantic,2013,45,828,1.93237,8,0,2,3,0,3,0
Census Regions,East North Central,2013,45,344,6.10465,16,0,1,1,0,3,0
Census Regions,West North Central,2013,45,738,1.49051,4,0,5,0,0,2,0
Census Regions,South Atlantic,2013,45,1894,9.2925,23,0,0,136,0,17,0
Census Regions,East South Central,2013,45,260,10,18,0,0,8,0,0,0
Census Regions,West South Central,2013,45,943,6.99894,41,0,5,14,0,6,0
Census Regions,Mountain,2013,45,775,6.96774,35,0,7,5,0,7,0
Census Regions,Pacific,2013,45,945,2.85714,11,0,7,4,0,5,0
Census Regions,New England,2013,46,242,2.89256,3,0,3,1,0,0,0
Census Regions,Mid-Atlantic,2013,46,844,3.08057,17,0,1,3,0,5,0
Census Regions,East North Central,2013,46,356,8.42697,28,0,1,1,0,0,0
Census Regions,West North Central,2013,46,712,3.23034,17,0,2,4,0,0,0
Census Regions,South Atlantic,2013,46,1947,9.55316,38,0,2,125,0,21,0
Census Regions,East South Central,2013,46,238,6.72269,9,0,0,6,0,1,0
Census Regions,West South Central,2013,46,1146,8.726,62,0,2,30,0,6,0
Census Regions,Mountain,2013,46,813,12.1771,82,0,1,14,0,2,0
Census Regions,Pacific,2013,46,905,3.42541,16,0,9,4,0,2,0
Census Regions,New England,2013,47,224,3.125,4,0,1,1,0,1,0
Census Regions,Mid-Atlantic,2013,47,871,3.78875,27,0,1,3,0,2,0
Census Regions,East North Central,2013,47,395,14.6835,47,0,3,6,0,2,0
Census Regions,West North Central,2013,47,789,3.42205,24,0,1,2,0,0,0
Census Regions,South Atlantic,2013,47,2112,10.9375,56,0,0,127,0,48,0
Census Regions,East South Central,2013,47,319,15.047,25,0,1,22,0,0,0
Census Regions,West South Central,2013,47,1170,9.31624,73,0,6,26,0,4,0
Census Regions,Mountain,2013,47,990,16.7677,143,0,1,22,0,0,0
Census Regions,Pacific,2013,47,969,3.92157,26,0,8,4,0,0,0
Census Regions,New England,2013,48,203,5.41872,8,0,2,1,0,0,0
Census Regions,Mid-Atlantic,2013,48,799,4.38048,23,0,3,7,0,2,0
Census Regions,East North Central,2013,48,346,16.185,54,0,1,1,0,0,0
Census Regions,West North Central,2013,48,679,7.51105,45,0,2,1,0,3,0
Census Regions,South Atlantic,2013,48,2128,12.594,62,0,1,176,0,29,0
Census Regions,East South Central,2013,48,234,14.1026,11,0,1,21,0,0,0
Census Regions,West South Central,2013,48,1161,12.317,64,0,1,73,0,5,0
Census Regions,Mountain,2013,48,978,24.5399,194,0,2,43,0,1,0
Census Regions,Pacific,2013,48,905,6.74033,35,0,16,8,0,2,0
Census Regions,New England,2013,49,311,10.6109,23,0,1,5,0,4,0
Census Regions,Mid-Atlantic,2013,49,1083,7.01754,52,0,4,10,0,10,0
Census Regions,East North Central,2013,49,510,26.2745,122,0,0,10,0,2,0
Census Regions,West North Central,2013,49,875,9.37143,80,0,1,1,0,0,0
Census Regions,South Atlantic,2013,49,2843,17.5167,133,0,6,321,0,38,0
Census Regions,East South Central,2013,49,370,19.1892,50,0,0,20,0,1,0
Census Regions,West South Central,2013,49,1757,20.4326,182,0,7,164,0,6,0
Census Regions,Mountain,2013,49,1412,25.3541,294,0,5,56,0,3,0
Census Regions,Pacific,2013,49,1008,10.7143,87,0,10,6,0,5,0
Census Regions,New England,2013,50,297,9.42761,21,0,2,3,0,2,0
Census Regions,Mid-Atlantic,2013,50,1094,11.7916,92,0,9,20,0,8,0
Census Regions,East North Central,2013,50,554,24.3682,107,0,4,22,0,2,0
Census Regions,West North Central,2013,50,835,19.2814,146,0,2,13,0,0,0
Census Regions,South Atlantic,2013,50,2787,16.5052,144,0,4,287,0,25,0
Census Regions,East South Central,2013,50,413,21.3075,50,0,0,38,0,0,0
Census Regions,West South Central,2013,50,2157,27.2137,237,0,9,332,0,9,0
Census Regions,Mountain,2013,50,1496,30.9492,365,0,4,93,0,1,0
Census Regions,Pacific,2013,50,1204,16.7774,162,0,22,13,0,5,0
Census Regions,New England,2013,51,299,22.0736,56,0,5,4,0,1,0
Census Regions,Mid-Atlantic,2013,51,1198,14.4407,110,0,5,55,0,3,0
Census Regions,East North Central,2013,51,587,28.9608,99,0,3,67,0,1,0
Census Regions,West North Central,2013,51,1083,24.3767,240,0,4,20,0,0,0
Census Regions,South Atlantic,2013,51,3240,23.7654,271,0,3,462,0,34,0
Census Regions,East South Central,2013,51,579,25.5613,100,0,0,48,0,0,0
Census Regions,West South Central,2013,51,3707,34.826,454,0,15,801,0,21,0
Census Regions,Mountain,2013,51,1942,36.7147,600,0,2,109,0,2,0
Census Regions,Pacific,2013,51,1380,26.087,301,0,14,40,0,5,0
Census Regions,New England,2013,52,400,36.75,138,0,3,4,0,2,0
Census Regions,Mid-Atlantic,2013,52,1476,23.5772,241,0,6,96,0,5,0
Census Regions,East North Central,2013,52,609,34.9754,136,0,4,72,0,1,0
Census Regions,West North Central,2013,52,1201,33.8884,351,0,6,49,0,1,0
Census Regions,South Atlantic,2013,52,3511,25.5483,395,0,3,444,0,55,0
Census Regions,East South Central,2013,52,571,28.021,102,0,0,57,0,1,0
Census Regions,West South Central,2013,52,3765,30.5976,300,0,1,831,0,20,0
Census Regions,Mountain,2013,52,2663,41.9076,967,0,11,134,0,4,0
Census Regions,Pacific,2013,52,1552,29.1881,374,0,13,62,0,4,0
Census Regions,New England,2014,1,500,32.2,132,0,9,17,0,3,0
Census Regions,Mid-Atlantic,2014,1,1670,21.7964,250,0,4,107,0,3,0
Census Regions,East North Central,2014,1,794,38.4131,210,0,4,90,0,1,0
Census Regions,West North Central,2014,1,1715,34.6356,511,0,9,74,0,0,0
Census Regions,South Atlantic,2014,1,3599,22.4507,386,0,7,368,0,47,0
Census Regions,East South Central,2014,1,703,20.1991,108,0,2,32,0,0,0
Census Regions,West South Central,2014,1,3654,27.9693,411,0,6,584,0,21,0
Census Regions,Mountain,2014,1,3177,36.8272,1016,0,20,131,0,3,0
Census Regions,Pacific,2014,1,1967,31.5709,453,0,23,135,0,10,0
Census Regions,New England,2014,2,670,39.403,207,0,16,38,0,3,0
Census Regions,Mid-Atlantic,2014,2,1834,22.4646,289,0,9,114,0,0,0
Census Regions,East North Central,2014,2,898,36.4143,233,0,8,86,0,0,0
Census Regions,West North Central,2014,2,1707,35.4423,517,0,10,78,0,0,0
Census Regions,South Atlantic,2014,2,3681,22.6569,475,0,8,301,0,50,0
Census Regions,East South Central,2014,2,772,22.5389,149,0,0,23,0,2,0
Census Regions,West South Central,2014,2,3346,24.2977,369,0,11,412,0,21,0
Census Regions,Mountain,2014,2,3070,30.5537,818,0,24,94,0,2,0
Census Regions,Pacific,2014,2,2275,30.3297,487,0,20,170,0,13,0
Census Regions,New England,2014,3,764,38.7435,244,0,18,31,0,3,0
Census Regions,Mid-Atlantic,2014,3,1859,26.4658,335,0,8,147,0,2,0
Census Regions,East North Central,2014,3,881,32.6901,220,0,16,52,0,0,0
Census Regions,West North Central,2014,3,1682,26.635,362,0,5,75,0,6,0
Census Regions,South Atlantic,2014,3,3349,25.6196,507,0,10,282,0,59,0
Census Regions,East South Central,2014,3,727,18.1568,113,0,2,16,0,1,0
Census Regions,West South Central,2014,3,3063,22.2331,320,0,10,325,0,26,0
Census Regions,Mountain,2014,3,2701,29.0633,685,0,23,72,0,5,0
Census Regions,Pacific,2014,3,2454,28.5249,477,0,34,160,0,29,0
Census Regions,New England,2014,4,771,35.4086,199,0,34,38,0,2,0
Census Regions,Mid-Atlantic,2014,4,1977,29.3374,357,0,7,204,0,12,0
Census Regions,East North Central,2014,4,900,34.1111,208,0,7,85,0,7,0
Census Regions,West North Central,2014,4,1414,21.075,239,0,4,50,0,5,0
Census Regions,South Atlantic,2014,4,3363,23.4017,469,0,11,239,0,68,0
Census Regions,East South Central,2014,4,621,15.62,75,0,1,17,0,4,0
Census Regions,West South Central,2014,4,2604,17.6651,212,0,10,199,0,39,0
Census Regions,Mountain,2014,4,2356,23.8115,475,0,20,53,0,13,0
Census Regions,Pacific,2014,4,2462,25.9545,409,0,38,157,0,35,0
Census Regions,New England,2014,5,750,32.2667,182,0,14,42,0,4,0
Census Regions,Mid-Atlantic,2014,5,1897,23.4581,301,0,12,118,0,14,0
Census Regions,East North Central,2014,5,638,29.6238,132,0,4,48,0,5,0
Census Regions,West North Central,2014,5,1318,18.8923,214,0,4,28,0,3,0
Census Regions,South Atlantic,2014,5,3153,22.1059,370,0,12,248,0,67,0
Census Regions,East South Central,2014,5,551,12.3412,49,0,0,15,0,4,0
Census Regions,West South Central,2014,5,2081,14.0798,135,0,8,118,0,32,0
Census Regions,Mountain,2014,5,1956,15.6442,252,0,5,38,0,11,0
Census Regions,Pacific,2014,5,2274,22.0317,310,0,35,121,0,35,0
Census Regions,New England,2014,6,643,30.1711,134,0,28,30,0,2,0
Census Regions,Mid-Atlantic,2014,6,1668,24.8801,252,0,23,115,0,25,0
Census Regions,East North Central,2014,6,590,25.5932,131,0,1,18,0,1,0
Census Regions,West North Central,2014,6,1197,13.0326,124,0,5,22,0,5,0
Census Regions,South Atlantic,2014,6,3059,22.8833,410,0,15,198,0,77,0
Census Regions,East South Central,2014,6,537,8.19367,34,0,1,8,0,1,0
Census Regions,West South Central,2014,6,1746,12.7148,85,0,14,70,0,53,0
Census Regions,Mountain,2014,6,1715,12.5948,166,0,15,23,0,12,0
Census Regions,Pacific,2014,6,1840,20.5978,235,0,28,73,0,43,0
Census Regions,New England,2014,7,641,26.053,115,0,16,30,0,6,0
Census Regions,Mid-Atlantic,2014,7,1490,22.953,181,0,16,108,0,37,0
Census Regions,East North Central,2014,7,540,19.2593,83,0,3,17,0,1,0
Census Regions,West North Central,2014,7,1081,12.0259,103,0,4,22,0,1,0
Census Regions,South Atlantic,2014,7,2527,20.182,279,0,6,174,0,51,0
Census Regions,East South Central,2014,7,432,8.10185,21,0,4,5,0,5,0
Census Regions,West South Central,2014,7,1625,11.6308,55,0,14,55,0,65,0
Census Regions,Mountain,2014,7,1575,11.1746,128,0,14,12,0,22,0
Census Regions,Pacific,2014,7,1981,15.0429,168,0,25,66,0,39,0
Census Regions,New England,2014,8,620,21.4516,89,0,19,21,0,4,0
Census Regions,Mid-Atlantic,2014,8,1364,17.1554,116,0,18,65,0,35,0
Census Regions,East North Central,2014,8,516,18.6047,73,0,1,13,0,9,0
Census Regions,West North Central,2014,8,1088,9.65074,84,0,7,11,0,3,0
Census Regions,South Atlantic,2014,8,2387,17.721,226,0,11,125,0,61,0
Census Regions,East South Central,2014,8,437,4.80549,12,0,1,4,0,4,0
Census Regions,West South Central,2014,8,1622,9.4328,33,0,10,34,0,76,0
Census Regions,Mountain,2014,8,1430,7.83217,75,0,8,7,0,22,0
Census Regions,Pacific,2014,8,1663,14.4919,132,0,18,57,0,34,0
Census Regions,New England,2014,9,553,18.6257,55,0,26,15,0,7,0
Census Regions,Mid-Atlantic,2014,9,1284,18.8474,108,0,17,60,0,57,0
Census Regions,East North Central,2014,9,471,16.7728,59,0,1,10,0,9,0
Census Regions,West North Central,2014,9,1062,5.46139,41,0,9,7,0,1,0
Census Regions,South Atlantic,2014,9,2103,12.6486,134,0,7,77,0,48,0
Census Regions,East South Central,2014,9,420,6.42857,14,0,1,4,0,8,0
Census Regions,West South Central,2014,9,1362,9.47137,13,0,12,30,0,74,0
Census Regions,Mountain,2014,9,1330,8.1203,54,0,15,5,0,34,0
Census Regions,Pacific,2014,9,1667,12.3575,103,0,14,53,0,36,0
Census Regions,New England,2014,10,478,18.41,27,0,26,26,0,9,0
Census Regions,Mid-Atlantic,2014,10,1221,16.4619,76,0,14,28,0,83,0
Census Regions,East North Central,2014,10,466,12.0172,37,0,2,7,0,10,0
Census Regions,West North Central,2014,10,960,7.5,43,0,4,14,0,11,0
Census Regions,South Atlantic,2014,10,1928,11.8257,118,0,8,54,0,48,0
Census Regions,East South Central,2014,10,348,4.88506,6,0,2,6,0,3,0
Census Regions,West South Central,2014,10,1318,9.71168,4,0,12,37,0,75,0
Census Regions,Mountain,2014,10,1282,7.02028,29,0,13,6,0,42,0
Census Regions,Pacific,2014,10,1440,9.93056,73,0,21,29,0,20,0
Census Regions,New England,2014,11,537,21.4153,34,0,36,32,0,13,0
Census Regions,Mid-Atlantic,2014,11,1264,18.3544,58,0,25,30,0,119,0
Census Regions,East North Central,2014,11,382,9.68586,24,0,2,3,0,8,0
Census Regions,West North Central,2014,11,939,6.70927,38,0,11,4,0,10,0
Census Regions,South Atlantic,2014,11,1917,10.2765,83,0,13,55,0,46,0
Census Regions,East South Central,2014,11,322,5.59006,6,0,0,1,0,11,0
Census Regions,West South Central,2014,11,1072,8.95522,6,0,10,13,0,67,0
Census Regions,Mountain,2014,11,1111,6.93069,24,0,10,5,0,38,0
Census Regions,Pacific,2014,11,1378,10.9579,78,0,31,20,0,22,0
Census Regions,New England,2014,12,505,28.7129,22,0,62,32,0,29,0
Census Regions,Mid-Atlantic,2014,12,1293,21.8097,44,0,36,35,0,167,0
Census Regions,East North Central,2014,12,337,9.19881,19,0,3,2,0,7,0
Census Regions,West North Central,2014,12,758,5.40897,21,0,4,5,0,11,0
Census Regions,South Atlantic,2014,12,1803,13.5885,61,0,17,84,0,83,0
Census Regions,East South Central,2014,12,298,4.02685,4,0,1,1,0,6,0
Census Regions,West South Central,2014,12,1022,10.3718,5,0,12,10,0,79,0
Census Regions,Mountain,2014,12,1083,7.29455,13,0,8,6,0,52,0
Census Regions,Pacific,2014,12,1117,7.96777,23,0,21,15,0,30,0
Census Regions,New England,2014,13,555,27.7477,18,0,62,33,0,41,0
Census Regions,Mid-Atlantic,2014,13,1437,24.0084,30,0,43,42,0,230,0
Census Regions,East North Central,2014,13,298,10.7383,16,0,2,2,0,12,0
Census Regions,West North Central,2014,13,745,5.2349,14,0,8,4,0,13,0
Census Regions,South Atlantic,2014,13,1765,12.1246,40,0,18,77,0,79,0
Census Regions,East South Central,2014,13,266,4.88722,2,0,2,3,0,6,0
Census Regions,West South Central,2014,13,791,11.378,3,0,7,6,0,74,0
Census Regions,Mountain,2014,13,979,8.58018,13,0,26,10,0,35,0
Census Regions,Pacific,2014,13,1069,7.67072,20,0,16,11,0,35,0
Census Regions,New England,2014,14,541,27.7264,10,0,59,18,0,63,0
Census Regions,Mid-Atlantic,2014,14,1426,27.9804,29,0,93,42,0,235,0
Census Regions,East North Central,2014,14,298,11.745,12,0,3,4,0,16,0
Census Regions,West North Central,2014,14,732,7.65027,18,0,17,3,0,18,0
Census Regions,South Atlantic,2014,14,1547,11.5708,24,0,17,52,0,86,0
Census Regions,East South Central,2014,14,229,6.9869,3,0,2,5,0,6,0
Census Regions,West South Central,2014,14,888,12.0495,0,0,9,13,0,85,0
Census Regions,Mountain,2014,14,916,9.06114,7,0,24,5,0,47,0
Census Regions,Pacific,2014,14,954,7.12788,13,0,12,4,0,39,0
Census Regions,New England,2014,15,603,30.6799,5,0,71,38,0,71,0
Census Regions,Mid-Atlantic,2014,15,1408,25,14,0,85,30,0,223,0
Census Regions,East North Central,2014,15,280,10.3571,5,0,4,1,0,19,0
Census Regions,West North Central,2014,15,641,9.04836,13,0,13,2,0,30,0
Census Regions,South Atlantic,2014,15,1455,15.5326,8,0,18,81,0,119,0
Census Regions,East South Central,2014,15,225,5.77778,1,0,3,3,0,6,0
Census Regions,West South Central,2014,15,801,8.73908,1,0,12,3,0,54,0
Census Regions,Mountain,2014,15,844,9.00474,0,0,17,3,0,56,0
Census Regions,Pacific,2014,15,922,7.04989,8,0,4,7,0,46,0
Census Regions,New England,2014,16,499,28.4569,8,0,49,30,0,55,0
Census Regions,Mid-Atlantic,2014,16,1328,22.9669,11,0,85,22,0,187,0
Census Regions,East North Central,2014,16,268,10.8209,1,0,3,3,0,22,0
Census Regions,West North Central,2014,16,618,6.6343,4,0,14,5,0,18,0
Census Regions,South Atlantic,2014,16,1307,14.0015,5,0,23,65,0,90,0
Census Regions,East South Central,2014,16,190,3.15789,1,0,0,2,0,3,0
Census Regions,West South Central,2014,16,770,7.14286,1,0,5,4,0,45,0
Census Regions,Mountain,2014,16,805,11.677,0,0,25,4,0,65,0
Census Regions,Pacific,2014,16,863,6.60487,5,0,18,3,0,31,0
Census Regions,New England,2014,17,538,26.0223,7,0,39,15,0,79,0
Census Regions,Mid-Atlantic,2014,17,1094,18.0987,4,0,56,26,0,112,0
Census Regions,East North Central,2014,17,254,18.8976,13,0,4,2,0,29,0
Census Regions,West North Central,2014,17,671,9.23994,3,0,26,2,0,31,0
Census Regions,South Atlantic,2014,17,1403,14.7541,6,0,29,75,0,97,0
Census Regions,East South Central,2014,17,184,4.34783,0,0,2,1,0,5,0
Census Regions,West South Central,2014,17,659,6.67678,0,0,3,2,0,39,0
Census Regions,Mountain,2014,17,744,10.3495,2,0,19,5,0,51,0
Census Regions,Pacific,2014,17,770,5.19481,0,0,13,1,0,26,0
Census Regions,New England,2014,18,450,23.1111,1,0,31,5,0,67,0
Census Regions,Mid-Atlantic,2014,18,914,15.7549,5,0,48,17,0,74,0
Census Regions,East North Central,2014,18,249,13.6546,2,0,7,1,0,24,0
Census Regions,West North Central,2014,18,615,8.94309,0,0,20,3,0,32,0
Census Regions,South Atlantic,2014,18,1432,15.7123,3,0,12,97,0,113,0
Census Regions,East South Central,2014,18,199,0,0,0,0,0,0,0,0
Census Regions,West South Central,2014,18,672,5.95238,0,0,2,2,0,36,0
Census Regions,Mountain,2014,18,680,12.0588,0,0,20,3,0,59,0
Census Regions,Pacific,2014,18,654,8.8685,2,0,11,3,0,42,0
Census Regions,New England,2014,19,316,13.6076,2,0,9,1,0,31,0
Census Regions,Mid-Atlantic,2014,19,866,14.6651,7,0,48,10,0,62,0
Census Regions,East North Central,2014,19,218,9.63303,0,0,3,1,0,17,0
Census Regions,West North Central,2014,19,618,7.28155,0,0,14,4,0,27,0
Census Regions,South Atlantic,2014,19,1224,13.4804,0,0,7,74,0,84,0
Census Regions,East South Central,2014,19,171,2.33918,0,0,0,0,0,4,0
Census Regions,West South Central,2014,19,639,4.53834,0,0,4,3,0,22,0
Census Regions,Mountain,2014,19,696,15.6609,0,0,25,8,0,76,0
Census Regions,Pacific,2014,19,688,7.84884,0,0,20,3,0,31,0
Census Regions,New England,2014,20,302,9.93377,2,0,4,1,0,23,0
Census Regions,Mid-Atlantic,2014,20,809,11.1248,2,0,33,17,0,38,0
Census Regions,East North Central,2014,20,192,9.89583,0,0,4,1,0,14,0
Census Regions,West North Central,2014,20,575,6.08696,1,0,10,1,0,23,0
Census Regions,South Atlantic,2014,20,1177,11.9796,0,0,6,65,0,70,0
Census Regions,East South Central,2014,20,173,1.15607,0,0,0,2,0,0,0
Census Regions,West South Central,2014,20,637,7.22135,0,0,4,3,0,39,0
Census Regions,Mountain,2014,20,698,13.8968,0,0,18,6,0,73,0
Census Regions,Pacific,2014,20,752,12.1011,3,0,40,6,0,42,0
Census Regions,New England,2014,21,254,6.69291,1,0,3,1,0,12,0
Census Regions,Mid-Atlantic,2014,21,696,5.31609,1,0,17,6,0,13,0
Census Regions,East North Central,2014,21,173,6.35838,0,0,5,1,0,5,0
Census Regions,West North Central,2014,21,563,5.50622,0,0,16,2,0,13,0
Census Regions,South Atlantic,2014,21,1025,10.3415,2,0,4,38,0,62,0
Census Regions,East South Central,2014,21,153,1.96078,0,0,2,1,0,0,0
Census Regions,West South Central,2014,21,566,4.24028,0,0,0,1,0,23,0
Census Regions,Mountain,2014,21,670,13.2836,0,0,16,6,0,67,0
Census Regions,Pacific,2014,21,733,12.1419,0,0,42,6,0,41,0
Census Regions,New England,2014,22,203,2.46305,0,0,0,0,0,5,0
Census Regions,Mid-Atlantic,2014,22,625,4.16,3,0,11,2,0,10,0
Census Regions,East North Central,2014,22,214,3.27103,0,0,2,0,0,5,0
Census Regions,West North Central,2014,22,503,6.36183,0,0,12,1,0,19,0
Census Regions,South Atlantic,2014,22,987,10.537,0,0,2,42,0,60,0
Census Regions,East South Central,2014,22,159,3.14465,0,0,0,3,0,2,0
Census Regions,West South Central,2014,22,562,1.9573,0,0,2,2,0,7,0
Census Regions,Mountain,2014,22,667,12.4438,0,0,13,14,0,56,0
Census Regions,Pacific,2014,22,837,17.9211,0,0,73,16,0,61,0
Census Regions,New England,2014,23,225,1.33333,0,0,1,2,0,0,0
Census Regions,Mid-Atlantic,2014,23,573,3.31588,2,0,11,0,0,6,0
Census Regions,East North Central,2014,23,186,2.68817,0,0,2,0,0,3,0
Census Regions,West North Central,2014,23,501,1.39721,0,0,2,0,0,5,0
Census Regions,South Atlantic,2014,23,865,9.24855,0,0,2,30,0,48,0
Census Regions,East South Central,2014,23,148,0,0,0,0,0,0,0,0
Census Regions,West South Central,2014,23,517,4.25532,0,0,3,4,0,15,0
Census Regions,Mountain,2014,23,589,8.82852,0,0,13,3,0,36,0
Census Regions,Pacific,2014,23,706,17.4221,1,0,63,12,0,47,0
Census Regions,New England,2014,24,172,0.581395,0,0,0,0,0,1,0
Census Regions,Mid-Atlantic,2014,24,557,3.94973,2,0,14,1,0,5,0
Census Regions,East North Central,2014,24,169,0.591716,0,0,1,0,0,0,0
Census Regions,West North Central,2014,24,494,1.21457,1,0,4,0,0,1,0
Census Regions,South Atlantic,2014,24,799,10.8886,0,0,5,31,0,51,0
Census Regions,East South Central,2014,24,154,0.649351,0,0,1,0,0,0,0
Census Regions,West South Central,2014,24,502,6.3745,0,0,13,9,0,10,0
Census Regions,Mountain,2014,24,494,4.8583,0,0,5,0,0,19,0
Census Regions,Pacific,2014,24,799,15.0188,0,0,58,9,0,53,0
Census Regions,New England,2014,25,160,0.625,0,0,0,1,0,0,0
Census Regions,Mid-Atlantic,2014,25,521,3.45489,2,0,8,0,0,8,0
Census Regions,East North Central,2014,25,136,2.94118,0,0,3,0,0,1,0
Census Regions,West North Central,2014,25,418,1.19617,0,0,1,0,0,4,0
Census Regions,South Atlantic,2014,25,723,8.29876,0,0,2,26,0,32,0
Census Regions,East South Central,2014,25,131,0,0,0,0,0,0,0,0
Census Regions,West South Central,2014,25,469,1.49254,0,0,2,2,0,3,0
Census Regions,Mountain,2014,25,471,5.73248,0,0,6,3,0,18,0
Census Regions,Pacific,2014,25,848,12.5,1,0,47,11,0,47,0
Census Regions,New England,2014,26,133,2.25564,0,0,0,0,0,3,0
Census Regions,Mid-Atlantic,2014,26,494,2.83401,0,0,10,0,0,4,0
Census Regions,East North Central,2014,26,152,1.97368,0,0,2,0,0,1,0
Census Regions,West North Central,2014,26,414,0.966184,0,0,0,1,0,3,0
Census Regions,South Atlantic,2014,26,592,8.27703,0,0,1,20,0,28,0
Census Regions,East South Central,2014,26,128,1.5625,0,0,2,0,0,0,0
Census Regions,West South Central,2014,26,411,0.729927,1,0,0,0,0,2,0
Census Regions,Mountain,2014,26,418,4.78469,0,0,2,0,0,18,0
Census Regions,Pacific,2014,26,692,10.9827,0,0,28,7,0,41,0
Census Regions,New England,2014,27,127,0,0,0,0,0,0,0,0
Census Regions,Mid-Atlantic,2014,27,474,3.16456,0,0,10,0,0,5,0
Census Regions,East North Central,2014,27,105,0.952381,0,0,1,0,0,0,0
Census Regions,West North Central,2014,27,358,0,0,0,0,0,0,0,0
Census Regions,South Atlantic,2014,27,614,10.7492,0,0,6,19,0,41,0
Census Regions,East South Central,2014,27,110,0,0,0,0,0,0,0,0
Census Regions,West South Central,2014,27,353,0.849858,1,0,0,0,0,2,0
Census Regions,Mountain,2014,27,348,2.58621,0,0,3,1,0,5,0
Census Regions,Pacific,2014,27,655,9.77099,1,0,27,6,0,30,0
Census Regions,New England,2014,28,127,0,0,0,0,0,0,0,0
Census Regions,Mid-Atlantic,2014,28,472,5.29661,2,0,17,0,0,6,0
Census Regions,East North Central,2014,28,103,0.970874,0,0,1,0,0,0,0
Census Regions,West North Central,2014,28,388,1.54639,0,0,5,0,0,1,0
Census Regions,South Atlantic,2014,28,559,8.76565,0,0,0,21,0,28,0
Census Regions,East South Central,2014,28,117,0.854701,0,0,0,1,0,0,0
Census Regions,West South Central,2014,28,375,0.533333,0,0,0,0,0,2,0
Census Regions,Mountain,2014,28,357,0.840336,0,0,2,0,0,1,0
Census Regions,Pacific,2014,28,559,11.8068,1,0,30,7,0,28,0
Census Regions,New England,2014,29,126,0,0,0,0,0,0,0,0
Census Regions,Mid-Atlantic,2014,29,445,4.94382,0,0,10,0,0,12,0
Census Regions,East North Central,2014,29,122,1.63934,0,0,2,0,0,0,0
Census Regions,West North Central,2014,29,377,0.795756,0,0,2,0,0,1,0
Census Regions,South Atlantic,2014,29,611,6.05565,0,0,3,15,0,19,0
Census Regions,East South Central,2014,29,119,0,0,0,0,0,0,0,0
Census Regions,West South Central,2014,29,426,0.469484,0,0,0,0,0,2,0
Census Regions,Mountain,2014,29,388,0.515464,0,0,1,0,0,1,0
Census Regions,Pacific,2014,29,574,9.23345,0,0,23,4,0,26,0
Census Regions,New England,2014,30,118,0.847458,0,0,1,0,0,0,0
Census Regions,Mid-Atlantic,2014,30,469,3.41151,0,0,9,0,0,7,0
Census Regions,East North Central,2014,30,111,1.8018,1,0,1,0,0,0,0
Census Regions,West North Central,2014,30,370,0.27027,0,0,0,0,0,1,0
Census Regions,South Atlantic,2014,30,592,6.25,0,0,1,18,0,18,0
Census Regions,East South Central,2014,30,120,0,0,0,0,0,0,0,0
Census Regions,West South Central,2014,30,347,0.576369,0,0,1,0,0,1,0
Census Regions,Mountain,2014,30,343,0.291545,0,0,0,1,0,0,0
Census Regions,Pacific,2014,30,657,8.6758,1,0,24,9,0,23,0
Census Regions,New England,2014,31,93,0,0,0,0,0,0,0,0
Census Regions,Mid-Atlantic,2014,31,419,3.34129,2,0,7,1,0,4,0
Census Regions,East North Central,2014,31,104,0.961538,0,0,0,0,0,1,0
Census Regions,West North Central,2014,31,406,0.246305,0,0,1,0,0,0,0
Census Regions,South Atlantic,2014,31,622,3.21543,0,0,3,12,0,5,0
Census Regions,East South Central,2014,31,102,0.980392,0,0,0,0,0,1,0
Census Regions,West South Central,2014,31,318,0.314465,0,0,1,0,0,0,0
Census Regions,Mountain,2014,31,327,0.917431,0,0,2,1,0,0,0
Census Regions,Pacific,2014,31,548,12.0438,0,0,39,11,0,16,0
Census Regions,New England,2014,32,85,1.17647,0,0,1,0,0,0,0
Census Regions,Mid-Atlantic,2014,32,352,1.70455,2,0,4,0,0,0,0
Census Regions,East North Central,2014,32,87,5.74713,1,0,3,0,0,0,1
Census Regions,West North Central,2014,32,408,1.47059,1,0,1,2,0,2,0
Census Regions,South Atlantic,2014,32,684,2.48538,0,0,4,6,0,7,0
Census Regions,East South Central,2014,32,109,0.917431,0,0,1,0,0,0,0
Census Regions,West South Central,2014,32,319,0.626959,0,0,2,0,0,0,0
Census Regions,Mountain,2014,32,348,0.287356,0,0,1,0,0,0,0
Census Regions,Pacific,2014,32,581,8.43373,1,0,27,7,0,14,0
Census Regions,New England,2014,33,133,0.75188,0,0,1,0,0,0,0
Census Regions,Mid-Atlantic,2014,33,397,4.03023,0,0,8,0,0,8,0
Census Regions,East North Central,2014,33,143,4.8951,1,0,6,0,0,0,0
Census Regions,West North Central,2014,33,475,0.842105,0,0,3,0,0,1,0
Census Regions,South Atlantic,2014,33,725,4.96552,0,0,2,16,0,18,0
Census Regions,East South Central,2014,33,127,0,0,0,0,0,0,0,0
Census Regions,West South Central,2014,33,299,0.334448,0,0,1,0,0,0,0
Census Regions,Mountain,2014,33,373,0,0,0,0,0,0,0,0
Census Regions,Pacific,2014,33,598,7.85953,0,0,33,5,0,9,0
Census Regions,New England,2014,34,90,1.11111,0,0,0,0,0,1,0
Census Regions,Mid-Atlantic,2014,34,352,2.27273,2,0,3,0,0,3,0
Census Regions,East North Central,2014,34,124,1.6129,0,0,0,0,0,1,1
Census Regions,West North Central,2014,34,596,0.33557,0,0,1,0,0,1,0
Census Regions,South Atlantic,2014,34,787,4.44727,0,0,0,13,0,22,0
Census Regions,East South Central,2014,34,144,0,0,0,0,0,0,0,0
Census Regions,West South Central,2014,34,288,1.38889,0,0,2,0,0,2,0
Census Regions,Mountain,2014,34,423,0.945626,0,0,2,1,0,1,0
Census Regions,Pacific,2014,34,535,10.0935,1,0,37,5,0,11,0
Census Regions,New England,2014,35,101,2.9703,0,0,3,0,0,0,0
Census Regions,Mid-Atlantic,2014,35,375,5.33333,6,0,10,0,0,4,0
Census Regions,East North Central,2014,35,127,4.72441,0,0,4,0,0,2,0
Census Regions,West North Central,2014,35,839,0.357569,0,0,2,0,0,1,0
Census Regions,South Atlantic,2014,35,965,4.45596,0,0,4,17,0,22,0
Census Regions,East South Central,2014,35,160,0,0,0,0,0,0,0,0
Census Regions,West South Central,2014,35,365,1.09589,0,0,0,0,0,4,0
Census Regions,Mountain,2014,35,426,0.469484,0,0,1,0,0,1,0
Census Regions,Pacific,2014,35,615,8.94309,0,0,38,9,0,8,0
Census Regions,New England,2014,36,108,0,0,0,0,0,0,0,0
Census Regions,Mid-Atlantic,2014,36,418,2.39234,2,0,3,1,0,4,0
Census Regions,East North Central,2014,36,141,1.41844,1,0,1,0,0,0,0
Census Regions,West North Central,2014,36,738,0.813008,1,0,4,0,0,1,0
Census Regions,South Atlantic,2014,36,1005,4.37811,1,0,0,22,0,21,0
Census Regions,East South Central,2014,36,161,0.621118,0,0,0,1,0,0,0
Census Regions,West South Central,2014,36,476,0.420168,0,0,0,0,0,2,0
Census Regions,Mountain,2014,36,531,0.188324,0,0,1,0,0,0,0
Census Regions,Pacific,2014,36,649,7.85824,2,0,35,8,0,6,0
Census Regions,New England,2014,37,143,0,0,0,0,0,0,0,0
Census Regions,Mid-Atlantic,2014,37,478,1.46444,1,0,4,1,0,1,0
Census Regions,East North Central,2014,37,370,0.810811,0,0,2,1,0,0,0
Census Regions,West North Central,2014,37,841,0.237812,0,0,1,1,0,0,0
Census Regions,South Atlantic,2014,37,1193,3.0176,0,0,2,22,0,12,0
Census Regions,East South Central,2014,37,183,1.0929,0,0,0,2,0,0,0
Census Regions,West South Central,2014,37,608,1.15132,0,0,2,0,0,5,0
Census Regions,Mountain,2014,37,763,0.131062,0,0,1,0,0,0,0
Census Regions,Pacific,2014,37,745,9.79866,0,0,54,6,0,13,0
Census Regions,New England,2014,38,191,0,0,0,0,0,0,0,0
Census Regions,Mid-Atlantic,2014,38,656,1.82927,3,0,8,0,0,1,0
Census Regions,East North Central,2014,38,310,2.58065,0,0,6,1,0,1,0
Census Regions,West North Central,2014,38,729,0.685871,0,0,4,0,0,1,0
Census Regions,South Atlantic,2014,38,1376,4.57849,0,0,9,17,0,37,0
Census Regions,East South Central,2014,38,183,0,0,0,0,0,0,0,0
Census Regions,West South Central,2014,38,665,1.95489,1,0,6,1,0,5,0
Census Regions,Mountain,2014,38,770,0.779221,0,0,3,1,0,2,0
Census Regions,Pacific,2014,38,801,7.99001,2,0,45,11,0,6,0
Census Regions,New England,2014,39,180,0.555556,0,0,0,1,0,0,0
Census Regions,Mid-Atlantic,2014,39,718,3.89972,0,0,21,0,0,7,0
Census Regions,East North Central,2014,39,325,2.15385,0,0,5,0,0,2,0
Census Regions,West North Central,2014,39,722,0.554017,0,0,2,0,0,2,0
Census Regions,South Atlantic,2014,39,1472,4.55163,0,0,4,27,0,36,0
Census Regions,East South Central,2014,39,191,0,0,0,0,0,0,0,0
Census Regions,West South Central,2014,39,735,3.12925,1,0,5,4,0,13,0
Census Regions,Mountain,2014,39,707,0.848656,0,0,6,0,0,0,0
Census Regions,Pacific,2014,39,855,7.95322,0,0,44,19,0,5,0
Census Regions,New England,2014,40,X,X,X,X,X,X,X,X,X
Census Regions,Mid-Atlantic,2014,40,X,X,X,X,X,X,X,X,X
Census Regions,East North Central,2014,40,X,X,X,X,X,X,X,X,X
Census Regions,West North Central,2014,40,X,X,X,X,X,X,X,X,X
Census Regions,South Atlantic,2014,40,X,X,X,X,X,X,X,X,X
Census Regions,East South Central,2014,40,X,X,X,X,X,X,X,X,X
Census Regions,West South Central,2014,40,X,X,X,X,X,X,X,X,X
Census Regions,Mountain,2014,40,X,X,X,X,X,X,X,X,X
Census Regions,Pacific,2014,40,X,X,X,X,X,X,X,X,X
Census Regions,New England,2014,41,X,X,X,X,X,X,X,X,X
Census Regions,Mid-Atlantic,2014,41,X,X,X,X,X,X,X,X,X
Census Regions,East North Central,2014,41,X,X,X,X,X,X,X,X,X
Census Regions,West North Central,2014,41,X,X,X,X,X,X,X,X,X
Census Regions,South Atlantic,2014,41,X,X,X,X,X,X,X,X,X
Census Regions,East South Central,2014,41,X,X,X,X,X,X,X,X,X
Census Regions,West South Central,2014,41,X,X,X,X,X,X,X,X,X
Census Regions,Mountain,2014,41,X,X,X,X,X,X,X,X,X
Census Regions,Pacific,2014,41,X,X,X,X,X,X,X,X,X
Census Regions,New England,2014,42,X,X,X,X,X,X,X,X,X
Census Regions,Mid-Atlantic,2014,42,X,X,X,X,X,X,X,X,X
Census Regions,East North Central,2014,42,X,X,X,X,X,X,X,X,X
Census Regions,West North Central,2014,42,X,X,X,X,X,X,X,X,X
Census Regions,South Atlantic,2014,42,X,X,X,X,X,X,X,X,X
Census Regions,East South Central,2014,42,X,X,X,X,X,X,X,X,X
Census Regions,West South Central,2014,42,X,X,X,X,X,X,X,X,X
Census Regions,Mountain,2014,42,X,X,X,X,X,X,X,X,X
Census Regions,Pacific,2014,42,X,X,X,X,X,X,X,X,X
Census Regions,New England,2014,43,X,X,X,X,X,X,X,X,X
Census Regions,Mid-Atlantic,2014,43,X,X,X,X,X,X,X,X,X
Census Regions,East North Central,2014,43,X,X,X,X,X,X,X,X,X
Census Regions,West North Central,2014,43,X,X,X,X,X,X,X,X,X
Census Regions,South Atlantic,2014,43,X,X,X,X,X,X,X,X,X
Census Regions,East South Central,2014,43,X,X,X,X,X,X,X,X,X
Census Regions,West South Central,2014,43,X,X,X,X,X,X,X,X,X
Census Regions,Mountain,2014,43,X,X,X,X,X,X,X,X,X
Census Regions,Pacific,2014,43,X,X,X,X,X,X,X,X,X
Census Regions,New England,2014,44,X,X,X,X,X,X,X,X,X
Census Regions,Mid-Atlantic,2014,44,X,X,X,X,X,X,X,X,X
Census Regions,East North Central,2014,44,X,X,X,X,X,X,X,X,X
Census Regions,West North Central,2014,44,X,X,X,X,X,X,X,X,X
Census Regions,South Atlantic,2014,44,X,X,X,X,X,X,X,X,X
Census Regions,East South Central,2014,44,X,X,X,X,X,X,X,X,X
Census Regions,West South Central,2014,44,X,X,X,X,X,X,X,X,X
Census Regions,Mountain,2014,44,X,X,X,X,X,X,X,X,X
Census Regions,Pacific,2014,44,X,X,X,X,X,X,X,X,X
Census Regions,New England,2014,45,X,X,X,X,X,X,X,X,X
Census Regions,Mid-Atlantic,2014,45,X,X,X,X,X,X,X,X,X
Census Regions,East North Central,2014,45,X,X,X,X,X,X,X,X,X
Census Regions,West North Central,2014,45,X,X,X,X,X,X,X,X,X
Census Regions,South Atlantic,2014,45,X,X,X,X,X,X,X,X,X
Census Regions,East South Central,2014,45,X,X,X,X,X,X,X,X,X
Census Regions,West South Central,2014,45,X,X,X,X,X,X,X,X,X
Census Regions,Mountain,2014,45,X,X,X,X,X,X,X,X,X
Census Regions,Pacific,2014,45,X,X,X,X,X,X,X,X,X
Census Regions,New England,2014,46,X,X,X,X,X,X,X,X,X
Census Regions,Mid-Atlantic,2014,46,X,X,X,X,X,X,X,X,X
Census Regions,East North Central,2014,46,X,X,X,X,X,X,X,X,X
Census Regions,West North Central,2014,46,X,X,X,X,X,X,X,X,X
Census Regions,South Atlantic,2014,46,X,X,X,X,X,X,X,X,X
Census Regions,East South Central,2014,46,X,X,X,X,X,X,X,X,X
Census Regions,West South Central,2014,46,X,X,X,X,X,X,X,X,X
Census Regions,Mountain,2014,46,X,X,X,X,X,X,X,X,X
Census Regions,Pacific,2014,46,X,X,X,X,X,X,X,X,X
Census Regions,New England,2014,47,X,X,X,X,X,X,X,X,X
Census Regions,Mid-Atlantic,2014,47,X,X,X,X,X,X,X,X,X
Census Regions,East North Central,2014,47,X,X,X,X,X,X,X,X,X
Census Regions,West North Central,2014,47,X,X,X,X,X,X,X,X,X
Census Regions,South Atlantic,2014,47,X,X,X,X,X,X,X,X,X
Census Regions,East South Central,2014,47,X,X,X,X,X,X,X,X,X
Census Regions,West South Central,2014,47,X,X,X,X,X,X,X,X,X
Census Regions,Mountain,2014,47,X,X,X,X,X,X,X,X,X
Census Regions,Pacific,2014,47,X,X,X,X,X,X,X,X,X
Census Regions,New England,2014,48,X,X,X,X,X,X,X,X,X
Census Regions,Mid-Atlantic,2014,48,X,X,X,X,X,X,X,X,X
Census Regions,East North Central,2014,48,X,X,X,X,X,X,X,X,X
Census Regions,West North Central,2014,48,X,X,X,X,X,X,X,X,X
Census Regions,South Atlantic,2014,48,X,X,X,X,X,X,X,X,X
Census Regions,East South Central,2014,48,X,X,X,X,X,X,X,X,X
Census Regions,West South Central,2014,48,X,X,X,X,X,X,X,X,X
Census Regions,Mountain,2014,48,X,X,X,X,X,X,X,X,X
Census Regions,Pacific,2014,48,X,X,X,X,X,X,X,X,X
Census Regions,New England,2014,49,X,X,X,X,X,X,X,X,X
Census Regions,Mid-Atlantic,2014,49,X,X,X,X,X,X,X,X,X
Census Regions,East North Central,2014,49,X,X,X,X,X,X,X,X,X
Census Regions,West North Central,2014,49,X,X,X,X,X,X,X,X,X
Census Regions,South Atlantic,2014,49,X,X,X,X,X,X,X,X,X
Census Regions,East South Central,2014,49,X,X,X,X,X,X,X,X,X
Census Regions,West South Central,2014,49,X,X,X,X,X,X,X,X,X
Census Regions,Mountain,2014,49,X,X,X,X,X,X,X,X,X
Census Regions,Pacific,2014,49,X,X,X,X,X,X,X,X,X
Census Regions,New England,2014,50,X,X,X,X,X,X,X,X,X
Census Regions,Mid-Atlantic,2014,50,X,X,X,X,X,X,X,X,X
Census Regions,East North Central,2014,50,X,X,X,X,X,X,X,X,X
Census Regions,West North Central,2014,50,X,X,X,X,X,X,X,X,X
Census Regions,South Atlantic,2014,50,X,X,X,X,X,X,X,X,X
Census Regions,East South Central,2014,50,X,X,X,X,X,X,X,X,X
Census Regions,West South Central,2014,50,X,X,X,X,X,X,X,X,X
Census Regions,Mountain,2014,50,X,X,X,X,X,X,X,X,X
Census Regions,Pacific,2014,50,X,X,X,X,X,X,X,X,X
Census Regions,New England,2014,51,X,X,X,X,X,X,X,X,X
Census Regions,Mid-Atlantic,2014,51,X,X,X,X,X,X,X,X,X
Census Regions,East North Central,2014,51,X,X,X,X,X,X,X,X,X
Census Regions,West North Central,2014,51,X,X,X,X,X,X,X,X,X
Census Regions,South Atlantic,2014,51,X,X,X,X,X,X,X,X,X
Census Regions,East South Central,2014,51,X,X,X,X,X,X,X,X,X
Census Regions,West South Central,2014,51,X,X,X,X,X,X,X,X,X
Census Regions,Mountain,2014,51,X,X,X,X,X,X,X,X,X
Census Regions,Pacific,2014,51,X,X,X,X,X,X,X,X,X
Census Regions,New England,2014,52,X,X,X,X,X,X,X,X,X
Census Regions,Mid-Atlantic,2014,52,X,X,X,X,X,X,X,X,X
Census Regions,East North Central,2014,52,X,X,X,X,X,X,X,X,X
Census Regions,West North Central,2014,52,X,X,X,X,X,X,X,X,X
Census Regions,South Atlantic,2014,52,X,X,X,X,X,X,X,X,X
Census Regions,East South Central,2014,52,X,X,X,X,X,X,X,X,X
Census Regions,West South Central,2014,52,X,X,X,X,X,X,X,X,X
Census Regions,Mountain,2014,52,X,X,X,X,X,X,X,X,X
Census Regions,Pacific,2014,52,X,X,X,X,X,X,X,X,X
Census Regions,New England,2014,53,X,X,X,X,X,X,X,X,X
Census Regions,Mid-Atlantic,2014,53,X,X,X,X,X,X,X,X,X
Census Regions,East North Central,2014,53,X,X,X,X,X,X,X,X,X
Census Regions,West North Central,2014,53,X,X,X,X,X,X,X,X,X
Census Regions,South Atlantic,2014,53,X,X,X,X,X,X,X,X,X
Census Regions,East South Central,2014,53,X,X,X,X,X,X,X,X,X
Census Regions,West South Central,2014,53,X,X,X,X,X,X,X,X,X
Census Regions,Mountain,2014,53,X,X,X,X,X,X,X,X,X
Census Regions,Pacific,2014,53,X,X,X,X,X,X,X,X,X
Census Regions,New England,2015,1,X,X,X,X,X,X,X,X,X
Census Regions,Mid-Atlantic,2015,1,X,X,X,X,X,X,X,X,X
Census Regions,East North Central,2015,1,X,X,X,X,X,X,X,X,X
Census Regions,West North Central,2015,1,X,X,X,X,X,X,X,X,X
Census Regions,South Atlantic,2015,1,X,X,X,X,X,X,X,X,X
Census Regions,East South Central,2015,1,X,X,X,X,X,X,X,X,X
Census Regions,West South Central,2015,1,X,X,X,X,X,X,X,X,X
Census Regions,Mountain,2015,1,X,X,X,X,X,X,X,X,X
Census Regions,Pacific,2015,1,X,X,X,X,X,X,X,X,X
Census Regions,New England,2015,2,X,X,X,X,X,X,X,X,X
Census Regions,Mid-Atlantic,2015,2,X,X,X,X,X,X,X,X,X
Census Regions,East North Central,2015,2,X,X,X,X,X,X,X,X,X
Census Regions,West North Central,2015,2,X,X,X,X,X,X,X,X,X
Census Regions,South Atlantic,2015,2,X,X,X,X,X,X,X,X,X
Census Regions,East South Central,2015,2,X,X,X,X,X,X,X,X,X
Census Regions,West South Central,2015,2,X,X,X,X,X,X,X,X,X
Census Regions,Mountain,2015,2,X,X,X,X,X,X,X,X,X
Census Regions,Pacific,2015,2,X,X,X,X,X,X,X,X,X
Census Regions,New England,2015,3,X,X,X,X,X,X,X,X,X
Census Regions,Mid-Atlantic,2015,3,X,X,X,X,X,X,X,X,X
Census Regions,East North Central,2015,3,X,X,X,X,X,X,X,X,X
Census Regions,West North Central,2015,3,X,X,X,X,X,X,X,X,X
Census Regions,South Atlantic,2015,3,X,X,X,X,X,X,X,X,X
Census Regions,East South Central,2015,3,X,X,X,X,X,X,X,X,X
Census Regions,West South Central,2015,3,X,X,X,X,X,X,X,X,X
Census Regions,Mountain,2015,3,X,X,X,X,X,X,X,X,X
Census Regions,Pacific,2015,3,X,X,X,X,X,X,X,X,X
Census Regions,New England,2015,4,X,X,X,X,X,X,X,X,X
Census Regions,Mid-Atlantic,2015,4,X,X,X,X,X,X,X,X,X
Census Regions,East North Central,2015,4,X,X,X,X,X,X,X,X,X
Census Regions,West North Central,2015,4,X,X,X,X,X,X,X,X,X
Census Regions,South Atlantic,2015,4,X,X,X,X,X,X,X,X,X
Census Regions,East South Central,2015,4,X,X,X,X,X,X,X,X,X
Census Regions,West South Central,2015,4,X,X,X,X,X,X,X,X,X
Census Regions,Mountain,2015,4,X,X,X,X,X,X,X,X,X
Census Regions,Pacific,2015,4,X,X,X,X,X,X,X,X,X
Census Regions,New England,2015,5,X,X,X,X,X,X,X,X,X
Census Regions,Mid-Atlantic,2015,5,X,X,X,X,X,X,X,X,X
Census Regions,East North Central,2015,5,X,X,X,X,X,X,X,X,X
Census Regions,West North Central,2015,5,X,X,X,X,X,X,X,X,X
Census Regions,South Atlantic,2015,5,X,X,X,X,X,X,X,X,X
Census Regions,East South Central,2015,5,X,X,X,X,X,X,X,X,X
Census Regions,West South Central,2015,5,X,X,X,X,X,X,X,X,X
Census Regions,Mountain,2015,5,X,X,X,X,X,X,X,X,X
Census Regions,Pacific,2015,5,X,X,X,X,X,X,X,X,X
Census Regions,New England,2015,6,X,X,X,X,X,X,X,X,X
Census Regions,Mid-Atlantic,2015,6,X,X,X,X,X,X,X,X,X
Census Regions,East North Central,2015,6,X,X,X,X,X,X,X,X,X
Census Regions,West North Central,2015,6,X,X,X,X,X,X,X,X,X
Census Regions,South Atlantic,2015,6,X,X,X,X,X,X,X,X,X
Census Regions,East South Central,2015,6,X,X,X,X,X,X,X,X,X
Census Regions,West South Central,2015,6,X,X,X,X,X,X,X,X,X
Census Regions,Mountain,2015,6,X,X,X,X,X,X,X,X,X
Census Regions,Pacific,2015,6,X,X,X,X,X,X,X,X,X
Census Regions,New England,2015,7,X,X,X,X,X,X,X,X,X
Census Regions,Mid-Atlantic,2015,7,X,X,X,X,X,X,X,X,X
Census Regions,East North Central,2015,7,X,X,X,X,X,X,X,X,X
Census Regions,West North Central,2015,7,X,X,X,X,X,X,X,X,X
Census Regions,South Atlantic,2015,7,X,X,X,X,X,X,X,X,X
Census Regions,East South Central,2015,7,X,X,X,X,X,X,X,X,X
Census Regions,West South Central,2015,7,X,X,X,X,X,X,X,X,X
Census Regions,Mountain,2015,7,X,X,X,X,X,X,X,X,X
Census Regions,Pacific,2015,7,X,X,X,X,X,X,X,X,X
Census Regions,New England,2015,8,X,X,X,X,X,X,X,X,X
Census Regions,Mid-Atlantic,2015,8,X,X,X,X,X,X,X,X,X
Census Regions,East North Central,2015,8,X,X,X,X,X,X,X,X,X
Census Regions,West North Central,2015,8,X,X,X,X,X,X,X,X,X
Census Regions,South Atlantic,2015,8,X,X,X,X,X,X,X,X,X
Census Regions,East South Central,2015,8,X,X,X,X,X,X,X,X,X
Census Regions,West South Central,2015,8,X,X,X,X,X,X,X,X,X
Census Regions,Mountain,2015,8,X,X,X,X,X,X,X,X,X
Census Regions,Pacific,2015,8,X,X,X,X,X,X,X,X,X
Census Regions,New England,2015,9,X,X,X,X,X,X,X,X,X
Census Regions,Mid-Atlantic,2015,9,X,X,X,X,X,X,X,X,X
Census Regions,East North Central,2015,9,X,X,X,X,X,X,X,X,X
Census Regions,West North Central,2015,9,X,X,X,X,X,X,X,X,X
Census Regions,South Atlantic,2015,9,X,X,X,X,X,X,X,X,X
Census Regions,East South Central,2015,9,X,X,X,X,X,X,X,X,X
Census Regions,West South Central,2015,9,X,X,X,X,X,X,X,X,X
Census Regions,Mountain,2015,9,X,X,X,X,X,X,X,X,X
Census Regions,Pacific,2015,9,X,X,X,X,X,X,X,X,X
Census Regions,New England,2015,10,X,X,X,X,X,X,X,X,X
Census Regions,Mid-Atlantic,2015,10,X,X,X,X,X,X,X,X,X
Census Regions,East North Central,2015,10,X,X,X,X,X,X,X,X,X
Census Regions,West North Central,2015,10,X,X,X,X,X,X,X,X,X
Census Regions,South Atlantic,2015,10,X,X,X,X,X,X,X,X,X
Census Regions,East South Central,2015,10,X,X,X,X,X,X,X,X,X
Census Regions,West South Central,2015,10,X,X,X,X,X,X,X,X,X
Census Regions,Mountain,2015,10,X,X,X,X,X,X,X,X,X
Census Regions,Pacific,2015,10,X,X,X,X,X,X,X,X,X
Census Regions,New England,2015,11,X,X,X,X,X,X,X,X,X
Census Regions,Mid-Atlantic,2015,11,X,X,X,X,X,X,X,X,X
Census Regions,East North Central,2015,11,X,X,X,X,X,X,X,X,X
Census Regions,West North Central,2015,11,X,X,X,X,X,X,X,X,X
Census Regions,South Atlantic,2015,11,X,X,X,X,X,X,X,X,X
Census Regions,East South Central,2015,11,X,X,X,X,X,X,X,X,X
Census Regions,West South Central,2015,11,X,X,X,X,X,X,X,X,X
Census Regions,Mountain,2015,11,X,X,X,X,X,X,X,X,X
Census Regions,Pacific,2015,11,X,X,X,X,X,X,X,X,X
Census Regions,New England,2015,12,X,X,X,X,X,X,X,X,X
Census Regions,Mid-Atlantic,2015,12,X,X,X,X,X,X,X,X,X
Census Regions,East North Central,2015,12,X,X,X,X,X,X,X,X,X
Census Regions,West North Central,2015,12,X,X,X,X,X,X,X,X,X
Census Regions,South Atlantic,2015,12,X,X,X,X,X,X,X,X,X
Census Regions,East South Central,2015,12,X,X,X,X,X,X,X,X,X
Census Regions,West South Central,2015,12,X,X,X,X,X,X,X,X,X
Census Regions,Mountain,2015,12,X,X,X,X,X,X,X,X,X
Census Regions,Pacific,2015,12,X,X,X,X,X,X,X,X,X
Census Regions,New England,2015,13,X,X,X,X,X,X,X,X,X
Census Regions,Mid-Atlantic,2015,13,X,X,X,X,X,X,X,X,X
Census Regions,East North Central,2015,13,X,X,X,X,X,X,X,X,X
Census Regions,West North Central,2015,13,X,X,X,X,X,X,X,X,X
Census Regions,South Atlantic,2015,13,X,X,X,X,X,X,X,X,X
Census Regions,East South Central,2015,13,X,X,X,X,X,X,X,X,X
Census Regions,West South Central,2015,13,X,X,X,X,X,X,X,X,X
Census Regions,Mountain,2015,13,X,X,X,X,X,X,X,X,X
Census Regions,Pacific,2015,13,X,X,X,X,X,X,X,X,X
Census Regions,New England,2015,14,X,X,X,X,X,X,X,X,X
Census Regions,Mid-Atlantic,2015,14,X,X,X,X,X,X,X,X,X
Census Regions,East North Central,2015,14,X,X,X,X,X,X,X,X,X
Census Regions,West North Central,2015,14,X,X,X,X,X,X,X,X,X
Census Regions,South Atlantic,2015,14,X,X,X,X,X,X,X,X,X
Census Regions,East South Central,2015,14,X,X,X,X,X,X,X,X,X
Census Regions,West South Central,2015,14,X,X,X,X,X,X,X,X,X
Census Regions,Mountain,2015,14,X,X,X,X,X,X,X,X,X
Census Regions,Pacific,2015,14,X,X,X,X,X,X,X,X,X
Census Regions,New England,2015,15,X,X,X,X,X,X,X,X,X
Census Regions,Mid-Atlantic,2015,15,X,X,X,X,X,X,X,X,X
Census Regions,East North Central,2015,15,X,X,X,X,X,X,X,X,X
Census Regions,West North Central,2015,15,X,X,X,X,X,X,X,X,X
Census Regions,South Atlantic,2015,15,X,X,X,X,X,X,X,X,X
Census Regions,East South Central,2015,15,X,X,X,X,X,X,X,X,X
Census Regions,West South Central,2015,15,X,X,X,X,X,X,X,X,X
Census Regions,Mountain,2015,15,X,X,X,X,X,X,X,X,X
Census Regions,Pacific,2015,15,X,X,X,X,X,X,X,X,X
Census Regions,New England,2015,16,X,X,X,X,X,X,X,X,X
Census Regions,Mid-Atlantic,2015,16,X,X,X,X,X,X,X,X,X
Census Regions,East North Central,2015,16,X,X,X,X,X,X,X,X,X
Census Regions,West North Central,2015,16,X,X,X,X,X,X,X,X,X
Census Regions,South Atlantic,2015,16,X,X,X,X,X,X,X,X,X
Census Regions,East South Central,2015,16,X,X,X,X,X,X,X,X,X
Census Regions,West South Central,2015,16,X,X,X,X,X,X,X,X,X
Census Regions,Mountain,2015,16,X,X,X,X,X,X,X,X,X
Census Regions,Pacific,2015,16,X,X,X,X,X,X,X,X,X
Census Regions,New England,2015,17,X,X,X,X,X,X,X,X,X
Census Regions,Mid-Atlantic,2015,17,X,X,X,X,X,X,X,X,X
Census Regions,East North Central,2015,17,X,X,X,X,X,X,X,X,X
Census Regions,West North Central,2015,17,X,X,X,X,X,X,X,X,X
Census Regions,South Atlantic,2015,17,X,X,X,X,X,X,X,X,X
Census Regions,East South Central,2015,17,X,X,X,X,X,X,X,X,X
Census Regions,West South Central,2015,17,X,X,X,X,X,X,X,X,X
Census Regions,Mountain,2015,17,X,X,X,X,X,X,X,X,X
Census Regions,Pacific,2015,17,X,X,X,X,X,X,X,X,X
Census Regions,New England,2015,18,X,X,X,X,X,X,X,X,X
Census Regions,Mid-Atlantic,2015,18,X,X,X,X,X,X,X,X,X
Census Regions,East North Central,2015,18,X,X,X,X,X,X,X,X,X
Census Regions,West North Central,2015,18,X,X,X,X,X,X,X,X,X
Census Regions,South Atlantic,2015,18,X,X,X,X,X,X,X,X,X
Census Regions,East South Central,2015,18,X,X,X,X,X,X,X,X,X
Census Regions,West South Central,2015,18,X,X,X,X,X,X,X,X,X
Census Regions,Mountain,2015,18,X,X,X,X,X,X,X,X,X
Census Regions,Pacific,2015,18,X,X,X,X,X,X,X,X,X
Census Regions,New England,2015,19,X,X,X,X,X,X,X,X,X
Census Regions,Mid-Atlantic,2015,19,X,X,X,X,X,X,X,X,X
Census Regions,East North Central,2015,19,X,X,X,X,X,X,X,X,X
Census Regions,West North Central,2015,19,X,X,X,X,X,X,X,X,X
Census Regions,South Atlantic,2015,19,X,X,X,X,X,X,X,X,X
Census Regions,East South Central,2015,19,X,X,X,X,X,X,X,X,X
Census Regions,West South Central,2015,19,X,X,X,X,X,X,X,X,X
Census Regions,Mountain,2015,19,X,X,X,X,X,X,X,X,X
Census Regions,Pacific,2015,19,X,X,X,X,X,X,X,X,X
Census Regions,New England,2015,20,X,X,X,X,X,X,X,X,X
Census Regions,Mid-Atlantic,2015,20,X,X,X,X,X,X,X,X,X
Census Regions,East North Central,2015,20,X,X,X,X,X,X,X,X,X
Census Regions,West North Central,2015,20,X,X,X,X,X,X,X,X,X
Census Regions,South Atlantic,2015,20,X,X,X,X,X,X,X,X,X
Census Regions,East South Central,2015,20,X,X,X,X,X,X,X,X,X
Census Regions,West South Central,2015,20,X,X,X,X,X,X,X,X,X
Census Regions,Mountain,2015,20,X,X,X,X,X,X,X,X,X
Census Regions,Pacific,2015,20,X,X,X,X,X,X,X,X,X
Census Regions,New England,2015,21,X,X,X,X,X,X,X,X,X
Census Regions,Mid-Atlantic,2015,21,X,X,X,X,X,X,X,X,X
Census Regions,East North Central,2015,21,X,X,X,X,X,X,X,X,X
Census Regions,West North Central,2015,21,X,X,X,X,X,X,X,X,X
Census Regions,South Atlantic,2015,21,X,X,X,X,X,X,X,X,X
Census Regions,East South Central,2015,21,X,X,X,X,X,X,X,X,X
Census Regions,West South Central,2015,21,X,X,X,X,X,X,X,X,X
Census Regions,Mountain,2015,21,X,X,X,X,X,X,X,X,X
Census Regions,Pacific,2015,21,X,X,X,X,X,X,X,X,X
Census Regions,New England,2015,22,X,X,X,X,X,X,X,X,X
Census Regions,Mid-Atlantic,2015,22,X,X,X,X,X,X,X,X,X
Census Regions,East North Central,2015,22,X,X,X,X,X,X,X,X,X
Census Regions,West North Central,2015,22,X,X,X,X,X,X,X,X,X
Census Regions,South Atlantic,2015,22,X,X,X,X,X,X,X,X,X
Census Regions,East South Central,2015,22,X,X,X,X,X,X,X,X,X
Census Regions,West South Central,2015,22,X,X,X,X,X,X,X,X,X
Census Regions,Mountain,2015,22,X,X,X,X,X,X,X,X,X
Census Regions,Pacific,2015,22,X,X,X,X,X,X,X,X,X
Census Regions,New England,2015,23,X,X,X,X,X,X,X,X,X
Census Regions,Mid-Atlantic,2015,23,X,X,X,X,X,X,X,X,X
Census Regions,East North Central,2015,23,X,X,X,X,X,X,X,X,X
Census Regions,West North Central,2015,23,X,X,X,X,X,X,X,X,X
Census Regions,South Atlantic,2015,23,X,X,X,X,X,X,X,X,X
Census Regions,East South Central,2015,23,X,X,X,X,X,X,X,X,X
Census Regions,West South Central,2015,23,X,X,X,X,X,X,X,X,X
Census Regions,Mountain,2015,23,X,X,X,X,X,X,X,X,X
Census Regions,Pacific,2015,23,X,X,X,X,X,X,X,X,X
Census Regions,New England,2015,24,X,X,X,X,X,X,X,X,X
Census Regions,Mid-Atlantic,2015,24,X,X,X,X,X,X,X,X,X
Census Regions,East North Central,2015,24,X,X,X,X,X,X,X,X,X
Census Regions,West North Central,2015,24,X,X,X,X,X,X,X,X,X
Census Regions,South Atlantic,2015,24,X,X,X,X,X,X,X,X,X
Census Regions,East South Central,2015,24,X,X,X,X,X,X,X,X,X
Census Regions,West South Central,2015,24,X,X,X,X,X,X,X,X,X
Census Regions,Mountain,2015,24,X,X,X,X,X,X,X,X,X
Census Regions,Pacific,2015,24,X,X,X,X,X,X,X,X,X
Census Regions,New England,2015,25,X,X,X,X,X,X,X,X,X
Census Regions,Mid-Atlantic,2015,25,X,X,X,X,X,X,X,X,X
Census Regions,East North Central,2015,25,X,X,X,X,X,X,X,X,X
Census Regions,West North Central,2015,25,X,X,X,X,X,X,X,X,X
Census Regions,South Atlantic,2015,25,X,X,X,X,X,X,X,X,X
Census Regions,East South Central,2015,25,X,X,X,X,X,X,X,X,X
Census Regions,West South Central,2015,25,X,X,X,X,X,X,X,X,X
Census Regions,Mountain,2015,25,X,X,X,X,X,X,X,X,X
Census Regions,Pacific,2015,25,X,X,X,X,X,X,X,X,X
Census Regions,New England,2015,26,X,X,X,X,X,X,X,X,X
Census Regions,Mid-Atlantic,2015,26,X,X,X,X,X,X,X,X,X
Census Regions,East North Central,2015,26,X,X,X,X,X,X,X,X,X
Census Regions,West North Central,2015,26,X,X,X,X,X,X,X,X,X
Census Regions,South Atlantic,2015,26,X,X,X,X,X,X,X,X,X
Census Regions,East South Central,2015,26,X,X,X,X,X,X,X,X,X
Census Regions,West South Central,2015,26,X,X,X,X,X,X,X,X,X
Census Regions,Mountain,2015,26,X,X,X,X,X,X,X,X,X
Census Regions,Pacific,2015,26,X,X,X,X,X,X,X,X,X
Census Regions,New England,2015,27,X,X,X,X,X,X,X,X,X
Census Regions,Mid-Atlantic,2015,27,X,X,X,X,X,X,X,X,X
Census Regions,East North Central,2015,27,X,X,X,X,X,X,X,X,X
Census Regions,West North Central,2015,27,X,X,X,X,X,X,X,X,X
Census Regions,South Atlantic,2015,27,X,X,X,X,X,X,X,X,X
Census Regions,East South Central,2015,27,X,X,X,X,X,X,X,X,X
Census Regions,West South Central,2015,27,X,X,X,X,X,X,X,X,X
Census Regions,Mountain,2015,27,X,X,X,X,X,X,X,X,X
Census Regions,Pacific,2015,27,X,X,X,X,X,X,X,X,X
Census Regions,New England,2015,28,X,X,X,X,X,X,X,X,X
Census Regions,Mid-Atlantic,2015,28,X,X,X,X,X,X,X,X,X
Census Regions,East North Central,2015,28,X,X,X,X,X,X,X,X,X
Census Regions,West North Central,2015,28,X,X,X,X,X,X,X,X,X
Census Regions,South Atlantic,2015,28,X,X,X,X,X,X,X,X,X
Census Regions,East South Central,2015,28,X,X,X,X,X,X,X,X,X
Census Regions,West South Central,2015,28,X,X,X,X,X,X,X,X,X
Census Regions,Mountain,2015,28,X,X,X,X,X,X,X,X,X
Census Regions,Pacific,2015,28,X,X,X,X,X,X,X,X,X
Census Regions,New England,2015,29,X,X,X,X,X,X,X,X,X
Census Regions,Mid-Atlantic,2015,29,X,X,X,X,X,X,X,X,X
Census Regions,East North Central,2015,29,X,X,X,X,X,X,X,X,X
Census Regions,West North Central,2015,29,X,X,X,X,X,X,X,X,X
Census Regions,South Atlantic,2015,29,X,X,X,X,X,X,X,X,X
Census Regions,East South Central,2015,29,X,X,X,X,X,X,X,X,X
Census Regions,West South Central,2015,29,X,X,X,X,X,X,X,X,X
Census Regions,Mountain,2015,29,X,X,X,X,X,X,X,X,X
Census Regions,Pacific,2015,29,X,X,X,X,X,X,X,X,X
Census Regions,New England,2015,30,X,X,X,X,X,X,X,X,X
Census Regions,Mid-Atlantic,2015,30,X,X,X,X,X,X,X,X,X
Census Regions,East North Central,2015,30,X,X,X,X,X,X,X,X,X
Census Regions,West North Central,2015,30,X,X,X,X,X,X,X,X,X
Census Regions,South Atlantic,2015,30,X,X,X,X,X,X,X,X,X
Census Regions,East South Central,2015,30,X,X,X,X,X,X,X,X,X
Census Regions,West South Central,2015,30,X,X,X,X,X,X,X,X,X
Census Regions,Mountain,2015,30,X,X,X,X,X,X,X,X,X
Census Regions,Pacific,2015,30,X,X,X,X,X,X,X,X,X
Census Regions,New England,2015,31,X,X,X,X,X,X,X,X,X
Census Regions,Mid-Atlantic,2015,31,X,X,X,X,X,X,X,X,X
Census Regions,East North Central,2015,31,X,X,X,X,X,X,X,X,X
Census Regions,West North Central,2015,31,X,X,X,X,X,X,X,X,X
Census Regions,South Atlantic,2015,31,X,X,X,X,X,X,X,X,X
Census Regions,East South Central,2015,31,X,X,X,X,X,X,X,X,X
Census Regions,West South Central,2015,31,X,X,X,X,X,X,X,X,X
Census Regions,Mountain,2015,31,X,X,X,X,X,X,X,X,X
Census Regions,Pacific,2015,31,X,X,X,X,X,X,X,X,X
Census Regions,New England,2015,32,X,X,X,X,X,X,X,X,X
Census Regions,Mid-Atlantic,2015,32,X,X,X,X,X,X,X,X,X
Census Regions,East North Central,2015,32,X,X,X,X,X,X,X,X,X
Census Regions,West North Central,2015,32,X,X,X,X,X,X,X,X,X
Census Regions,South Atlantic,2015,32,X,X,X,X,X,X,X,X,X
Census Regions,East South Central,2015,32,X,X,X,X,X,X,X,X,X
Census Regions,West South Central,2015,32,X,X,X,X,X,X,X,X,X
Census Regions,Mountain,2015,32,X,X,X,X,X,X,X,X,X
Census Regions,Pacific,2015,32,X,X,X,X,X,X,X,X,X
Census Regions,New England,2015,33,X,X,X,X,X,X,X,X,X
Census Regions,Mid-Atlantic,2015,33,X,X,X,X,X,X,X,X,X
Census Regions,East North Central,2015,33,X,X,X,X,X,X,X,X,X
Census Regions,West North Central,2015,33,X,X,X,X,X,X,X,X,X
Census Regions,South Atlantic,2015,33,X,X,X,X,X,X,X,X,X
Census Regions,East South Central,2015,33,X,X,X,X,X,X,X,X,X
Census Regions,West South Central,2015,33,X,X,X,X,X,X,X,X,X
Census Regions,Mountain,2015,33,X,X,X,X,X,X,X,X,X
Census Regions,Pacific,2015,33,X,X,X,X,X,X,X,X,X
Census Regions,New England,2015,34,X,X,X,X,X,X,X,X,X
Census Regions,Mid-Atlantic,2015,34,X,X,X,X,X,X,X,X,X
Census Regions,East North Central,2015,34,X,X,X,X,X,X,X,X,X
Census Regions,West North Central,2015,34,X,X,X,X,X,X,X,X,X
Census Regions,South Atlantic,2015,34,X,X,X,X,X,X,X,X,X
Census Regions,East South Central,2015,34,X,X,X,X,X,X,X,X,X
Census Regions,West South Central,2015,34,X,X,X,X,X,X,X,X,X
Census Regions,Mountain,2015,34,X,X,X,X,X,X,X,X,X
Census Regions,Pacific,2015,34,X,X,X,X,X,X,X,X,X
Census Regions,New England,2015,35,X,X,X,X,X,X,X,X,X
Census Regions,Mid-Atlantic,2015,35,X,X,X,X,X,X,X,X,X
Census Regions,East North Central,2015,35,X,X,X,X,X,X,X,X,X
Census Regions,West North Central,2015,35,X,X,X,X,X,X,X,X,X
Census Regions,South Atlantic,2015,35,X,X,X,X,X,X,X,X,X
Census Regions,East South Central,2015,35,X,X,X,X,X,X,X,X,X
Census Regions,West South Central,2015,35,X,X,X,X,X,X,X,X,X
Census Regions,Mountain,2015,35,X,X,X,X,X,X,X,X,X
Census Regions,Pacific,2015,35,X,X,X,X,X,X,X,X,X
Census Regions,New England,2015,36,X,X,X,X,X,X,X,X,X
Census Regions,Mid-Atlantic,2015,36,X,X,X,X,X,X,X,X,X
Census Regions,East North Central,2015,36,X,X,X,X,X,X,X,X,X
Census Regions,West North Central,2015,36,X,X,X,X,X,X,X,X,X
Census Regions,South Atlantic,2015,36,X,X,X,X,X,X,X,X,X
Census Regions,East South Central,2015,36,X,X,X,X,X,X,X,X,X
Census Regions,West South Central,2015,36,X,X,X,X,X,X,X,X,X
Census Regions,Mountain,2015,36,X,X,X,X,X,X,X,X,X
Census Regions,Pacific,2015,36,X,X,X,X,X,X,X,X,X
Census Regions,New England,2015,37,X,X,X,X,X,X,X,X,X
Census Regions,Mid-Atlantic,2015,37,X,X,X,X,X,X,X,X,X
Census Regions,East North Central,2015,37,X,X,X,X,X,X,X,X,X
Census Regions,West North Central,2015,37,X,X,X,X,X,X,X,X,X
Census Regions,South Atlantic,2015,37,X,X,X,X,X,X,X,X,X
Census Regions,East South Central,2015,37,X,X,X,X,X,X,X,X,X
Census Regions,West South Central,2015,37,X,X,X,X,X,X,X,X,X
Census Regions,Mountain,2015,37,X,X,X,X,X,X,X,X,X
Census Regions,Pacific,2015,37,X,X,X,X,X,X,X,X,X
Census Regions,New England,2015,38,X,X,X,X,X,X,X,X,X
Census Regions,Mid-Atlantic,2015,38,X,X,X,X,X,X,X,X,X
Census Regions,East North Central,2015,38,X,X,X,X,X,X,X,X,X
Census Regions,West North Central,2015,38,X,X,X,X,X,X,X,X,X
Census Regions,South Atlantic,2015,38,X,X,X,X,X,X,X,X,X
Census Regions,East South Central,2015,38,X,X,X,X,X,X,X,X,X
Census Regions,West South Central,2015,38,X,X,X,X,X,X,X,X,X
Census Regions,Mountain,2015,38,X,X,X,X,X,X,X,X,X
Census Regions,Pacific,2015,38,X,X,X,X,X,X,X,X,X
Census Regions,New England,2015,39,X,X,X,X,X,X,X,X,X
Census Regions,Mid-Atlantic,2015,39,X,X,X,X,X,X,X,X,X
Census Regions,East North Central,2015,39,X,X,X,X,X,X,X,X,X
Census Regions,West North Central,2015,39,X,X,X,X,X,X,X,X,X
Census Regions,South Atlantic,2015,39,X,X,X,X,X,X,X,X,X
Census Regions,East South Central,2015,39,X,X,X,X,X,X,X,X,X
Census Regions,West South Central,2015,39,X,X,X,X,X,X,X,X,X
Census Regions,Mountain,2015,39,X,X,X,X,X,X,X,X,X
Census Regions,Pacific,2015,39,X,X,X,X,X,X,X,X,X
